source,mode,run,scene,epoch,n,official_success,task_success,progress,task_progress,first_fail_frame,obj_pos_err_mean,contact_recall,wrist_pos_err_window,fell,first_cause_fall,first_cause_object,first_cause_contact,first_cause_wrist_R,first_cause_wrist_L,first_cause_body
parahome,det,wm_book_s11_default_s0,book_s11,21,8,0.0,0.0,0.026845637583892617,0.19463087248322147,5.0,0.8703576698899269,0.0,1.3216247633099556,1.0,0.0,0.0,0.0,0.0,0.0,1.0
parahome,det,wm_cup_s110_default_s0,cup_s110,21,8,0.0,0.0,0.01507537688442211,0.24623115577889448,4.0,0.25688089430332184,0.29524539877300615,0.46824904531240463,1.0,0.0,0.0,0.0,0.0,0.0,1.0
t09,det,default_s0_1004-175106,kettle_s110,500,8,0.0,0.0,0.23214285714285715,0.3116883116883117,36.75,1.0081215351819992,0.33974358974358976,0.07647600024938583,0.875,0.0,0.0,0.0,1.0,0.0,0.0
t09,det,default_s0_1004-175106,kettle_s110,1000,8,0.0,0.0,0.38311688311688313,0.3116883116883117,60.0,1.0075351297855377,0.32905982905982906,0.03592353127896786,1.0,0.0,1.0,0.0,0.0,0.0,1.0
t09,det,default_s0_1004-175106,kettle_s110,1500,8,0.0,0.0,0.38311688311688313,0.3116883116883117,60.0,1.0075722336769104,0.5876068376068375,0.03201488917693496,1.0,0.0,1.0,0.0,0.0,0.0,0.125
t09,det,default_s0_1004-175106,kettle_s110,2000,8,0.0,0.0,0.3782467532467533,0.3116883116883117,59.25,1.0076292902231216,0.6452991452991452,0.039627248886972666,1.0,0.0,0.25,0.0,0.0,0.0,1.0
t09,det,default_s0_1004-175106,kettle_s110,2500,8,0.0,0.0,0.38311688311688313,0.3116883116883117,60.0,1.0077005624771118,0.6207264957264957,0.03718911996111274,1.0,0.0,1.0,0.0,0.0,0.0,0.0
t09,det,default_s0_1004-175106,kettle_s110,3000,8,0.0,0.0,0.3871753246753247,0.3133116883116883,60.625,0.9865655899047852,0.6303418803418803,0.03721264470368624,1.0,0.0,0.875,0.0,0.0,0.0,0.625
t09,det,default_s0_1004-175106,kettle_s110,3500,8,0.0,0.0,0.4066558441558442,0.3181818181818182,63.625,0.9101897180080414,0.38461538461538464,0.03730088705196977,1.0,0.0,0.625,0.0,0.0,0.0,1.0
t09,det,default_s0_1004-175106,kettle_s110,4000,8,0.0,0.0,0.4155844155844156,0.3246753246753247,65.0,0.8716892525553703,0.670940170940171,0.03502055210992694,1.0,0.0,1.0,0.0,0.0,0.0,1.0
t09,det,default_s0_1004-175106,kettle_s110,4500,8,0.0,0.0,0.006493506493506494,0.3206168831168831,2.0,0.9024588465690613,0.4807692307692307,0.03328532353043556,1.0,0.0,0.0,0.0,0.0,0.0,1.0
t09,det,default_s0_1004-175106,kettle_s110,5000,8,0.0,0.0,0.4155844155844156,0.3246753246753247,65.0,0.8543578386306763,0.4476495726495726,0.034520095214247704,1.0,0.0,0.25,0.0,0.0,0.0,1.0
t09,det,default_s0_1004-175106,kettle_s110,5500,8,0.0,0.0,0.42126623376623373,0.3303571428571429,65.875,0.8472696393728256,0.7564102564102564,0.03527940157800913,1.0,0.0,0.0,0.0,0.0,0.0,1.0
t09,det,default_s0_1004-175106,kettle_s110,6000,8,0.0,0.0,0.4310064935064935,0.33116883116883117,67.375,0.7951886653900146,0.5651709401709402,0.03737019747495651,1.0,0.0,0.375,0.0,0.0,0.0,0.875
t09,stoch,default_s0_1004-175106,kettle_s110,500,32,0.0,0.0,0.18607954545454547,0.2637987012987013,29.65625,1.0535989124327898,0.3141025641025641,0.1930568078532815,0.8125,0.0,0.0,0.0,0.875,0.0,0.21875
t09,stoch,default_s0_1004-175106,kettle_s110,1000,32,0.0,0.0,0.2534496753246753,0.2816558441558441,40.03125,1.0581417568027973,0.4602029914529915,0.04145489167422056,1.0,0.0,0.15625,0.0,0.65625,0.0,0.1875
t09,stoch,default_s0_1004-175106,kettle_s110,1500,32,0.0,0.0,0.2514204545454546,0.2924107142857143,39.71875,1.0518027562648058,0.44791666666666663,0.10684438259340823,0.96875,0.0,0.34375,0.0,0.59375,0.0,0.09375
t09,stoch,default_s0_1004-175106,kettle_s110,2000,32,0.0,0.0,0.2721185064935065,0.29403409090909094,42.90625,1.0541732087731361,0.4858440170940171,0.04105061321752146,1.0,0.0,0.40625,0.0,0.59375,0.0,0.0
t09,stoch,default_s0_1004-175106,kettle_s110,2500,32,0.0,0.0,0.2566964285714286,0.2940340909090909,40.53125,1.0285496581345797,0.5200320512820513,0.045555451535619795,1.0,0.0,0.3125,0.0,0.625,0.0,0.125
t09,stoch,default_s0_1004-175106,kettle_s110,3000,32,0.0,0.0,0.21205357142857145,0.28612012987012986,33.65625,1.0578729398548603,0.3819444444444444,0.15226834919303656,0.875,0.0,0.15625,0.0,0.625,0.0,0.3125
t09,stoch,default_s0_1004-175106,kettle_s110,3500,32,0.0,0.0,0.2678571428571429,0.29484577922077926,42.25,0.9880332443863153,0.4919871794871795,0.042825335753150284,1.0,0.0,0.34375,0.0,0.59375,0.0,0.15625
t09,stoch,default_s0_1004-175106,kettle_s110,4000,32,0.0,0.0,0.2895698051948052,0.3031655844155844,45.59375,0.983115965500474,0.547809829059829,0.040959754725918174,1.0,0.0,0.40625,0.0,0.53125,0.0,0.0625
t09,stoch,default_s0_1004-175106,kettle_s110,4500,32,0.0,0.0,0.16314935064935066,0.30661525974025977,26.125,1.0007839538156986,0.4182692307692307,0.04884778894484043,1.0,0.0,0.25,0.0,0.3125,0.0,0.4375
t09,stoch,default_s0_1004-175106,kettle_s110,5000,32,0.0,0.0,0.289163961038961,0.31209415584415584,45.53125,0.9153562877327204,0.4564636752136752,0.04128512798342854,1.0,0.0,0.34375,0.0,0.53125,0.0,0.1875
t09,stoch,default_s0_1004-175106,kettle_s110,5500,32,0.0,0.0,0.2844967532467533,0.3092532467532468,44.8125,0.8950360715389252,0.5243055555555556,0.042000198271125555,0.96875,0.0,0.3125,0.0,0.59375,0.0,0.15625
t09,stoch,default_s0_1004-175106,kettle_s110,6000,32,0.0,0.0,0.31797889610389607,0.3062094155844156,49.96875,0.916114354506135,0.500267094017094,0.04098726494703442,1.0,0.0,0.4375,0.0,0.40625,0.0,0.1875
