category,seq,start,end,text,sim_clip,frames,seconds,hand,near_frames_l,near_frames_r,grasp_frame,lift_frame,grasp_to_lift_frames,lift_m,travel_m,path_m,peak_speed,walk_m,carry_walk_m,held_lift_frames,hand_obj_min_cm,obj_size_m
turn_gasstove,s1,1110,1170,Turn on gas stove,,60,2.0,right,0,55,5,-1,,0.0,0.0,0.0,0.0,0.094,0.0,0,0.82,1.17x0.96x0.70
turn_gasstove,s1,2760,2850,Turn off gas stove,,90,3.0,right,0,70,16,-1,,0.0,0.0,0.0,0.0,0.469,0.0,0,1.7,1.17x0.96x0.70
drink_cup,s2,600,840,Drink from cup,,240,8.0,left,240,0,0,35,35,0.677,0.026,1.555,0.85,0.15,0.114,193,0.27,0.14x0.13x0.12
place_book,s2,2250,2460,Move book from bookshelf to table,,210,7.0,both,192,89,17,52,35,0.173,1.215,2.486,0.92,1.669,1.072,130,0.66,0.32x0.29x0.13
turn_gasstove,s2,4350,4500,Turn on gas stove,,150,5.0,right,0,128,13,-1,,0.0,0.0,0.0,0.0,0.343,0.0,0,0.93,1.17x0.96x0.70
turn_gasstove,s3,720,840,Turn off gas stove,,120,4.0,right,0,100,4,-1,,0.0,0.0,0.0,0.0,0.481,0.0,0,0.71,1.17x0.96x0.70
place_book,s4,240,360,Move book from bookshelf to table,,120,4.0,both,106,53,14,48,34,0.199,1.407,1.9,1.32,1.137,0.278,37,0.49,0.32x0.29x0.13
drink_cup,s4,1530,1710,Drink from cup,,180,6.0,left,180,0,0,9,9,0.3,0.083,0.815,0.45,0.101,0.097,167,0.22,0.14x0.13x0.12
turn_gasstove,s4,2730,2820,Turn on gas stove,,90,3.0,right,0,75,0,-1,,0.0,0.0,0.0,0.0,0.279,0.0,0,0.62,1.17x0.96x0.70
turn_gasstove,s5,780,930,Turn off gas stove,,150,5.0,right,0,124,19,-1,,0.0,0.0,0.0,0.0,0.167,0.0,0,1.34,1.17x0.96x0.70
place_book,s5,1860,2010,Move book from desk to bookshelf,,150,5.0,both,52,77,25,36,11,0.387,1.343,1.987,1.43,1.52,1.08,96,0.43,0.32x0.29x0.13
drink_cup,s6,1860,2040,Drink from cup,,180,6.0,right,0,165,15,34,19,0.719,0.042,1.598,1.03,0.194,0.119,101,0.18,0.14x0.13x0.12
place_book,s6,2460,2670,Move book from desk to bookshelf,,210,7.0,both,191,29,10,59,49,0.453,1.743,2.264,1.45,1.654,1.266,142,0.41,0.32x0.29x0.13
turn_gasstove,s7,2100,2190,Turn on gas stove,,90,3.0,right,0,80,10,-1,,0.0,0.0,0.0,0.0,0.064,0.0,0,0.89,1.17x0.96x0.70
turn_gasstove,s7,4500,4590,Turn off gas stove,,90,3.0,right,0,59,4,-1,,0.0,0.0,0.0,0.0,0.266,0.0,0,2.11,1.17x0.96x0.70
drink_cup,s8,510,690,Drink from cup,,180,6.0,right,0,143,23,55,32,0.382,0.031,1.073,0.78,0.371,0.091,76,0.28,0.14x0.13x0.12
place_book,s8,1350,1500,Move book from bookshelf to table,,150,5.0,left,114,0,20,38,18,0.197,1.665,2.024,1.26,1.482,0.422,44,0.29,0.32x0.29x0.13
turn_gasstove,s9,2430,2490,Turn on gas stove,,60,2.0,right,0,53,3,-1,,0.0,0.0,0.0,0.0,0.189,0.0,0,1.32,1.17x0.96x0.70
turn_gasstove,s9,3420,3480,Turn off gas stove,,60,2.0,right,0,45,15,-1,,0.0,0.0,0.0,0.0,0.516,0.0,0,1.43,1.17x0.96x0.70
drink_cup,s10,1110,1260,Drink from cup,,150,5.0,right,0,122,26,53,27,0.357,0.121,1.457,0.9,0.182,0.084,77,0.45,0.14x0.13x0.12
place_book,s10,1560,1740,Move book from desk to bookshelf,,180,6.0,both,156,28,20,43,23,0.557,1.634,2.348,1.53,1.24,1.059,133,0.34,0.32x0.29x0.13
drink_cup,s11,300,450,Drink from cup,,150,5.0,right,0,140,0,31,31,0.472,0.226,1.433,0.93,0.255,0.062,61,0.22,0.14x0.13x0.12
place_book,s11,540,660,Move book from bookshelf to table,,120,4.0,left,108,0,9,28,19,0.393,1.735,2.332,1.43,1.011,0.549,48,0.32,0.32x0.29x0.13
drink_cup,s11,2070,2220,Drink from cup,,150,5.0,right,0,129,16,36,20,0.304,0.427,1.145,0.77,0.095,0.046,82,0.24,0.14x0.13x0.12
place_book,s11,2640,2790,Move book from desk to bookshelf,,150,5.0,both,104,57,16,45,29,0.474,1.685,2.137,1.62,1.579,0.937,88,0.38,0.32x0.29x0.13
place_book,s12,150,360,Move book from bookshelf to table,,210,7.0,both,210,52,0,23,23,0.311,1.702,3.103,1.63,1.853,0.823,76,0.24,0.32x0.29x0.13
turn_gasstove,s13,2070,2190,Turn on gas stove,,120,4.0,right,0,92,19,-1,,0.0,0.0,0.0,0.0,0.25,0.0,0,0.86,1.17x0.96x0.70
turn_gasstove,s13,3420,3510,Turn off gas stove,,90,3.0,right,0,82,6,-1,,0.0,0.0,0.0,0.0,0.105,0.0,0,1.41,1.17x0.96x0.70
turn_gasstove,s14,2160,2220,Turn on gas stove,,60,2.0,right,0,57,0,-1,,0.0,0.0,0.0,0.0,0.051,0.0,0,1.04,1.17x0.96x0.70
turn_gasstove,s14,4140,4200,Turn off gas stove,,60,2.0,right,0,37,4,-1,,0.0,0.0,0.0,0.0,0.152,0.0,0,1.26,1.17x0.96x0.70
drink_cup,s15,1290,1500,Drink from cup,,210,7.0,right,0,199,6,64,58,0.264,0.067,1.363,0.87,0.105,0.056,107,0.41,0.14x0.13x0.12
place_book,s15,2820,2970,Move book from bookshelf to table,,150,5.0,both,94,138,0,16,16,0.136,1.061,1.549,0.79,0.779,0.375,60,0.34,0.32x0.29x0.13
place_book,s16,960,1080,Move book from bookshelf to table,,120,4.0,left,108,0,0,29,29,0.168,1.468,1.969,1.04,0.646,0.352,29,0.23,0.32x0.29x0.13
move_kettle,s16,1350,1440,Move kettle from desk to table,,90,3.0,right,0,85,0,3,3,0.18,1.279,1.583,1.33,0.669,0.485,41,0.28,0.19x0.16x0.14
turn_gasstove,s16,2760,2820,Turn on gas stove,,60,2.0,right,0,38,0,-1,,0.0,0.0,0.0,0.0,0.054,0.0,0,0.91,1.17x0.96x0.70
turn_gasstove,s16,3720,3780,Turn off gas stove,,60,2.0,right,0,55,3,-1,,0.0,0.0,0.0,0.0,0.055,0.0,0,1.63,1.17x0.96x0.70
drink_cup,s17,960,1110,Drink from cup,,150,5.0,right,0,120,11,31,20,0.394,0.103,1.098,0.84,0.132,0.049,62,0.53,0.14x0.13x0.12
drink_cup,s18,360,510,Drink from cup,,150,5.0,right,0,131,6,31,25,0.641,0.027,1.392,1.19,0.122,0.057,78,0.21,0.14x0.13x0.12
turn_gasstove,s18,2400,2460,Turn on gas stove,,60,2.0,right,0,30,7,-1,,0.0,0.0,0.0,0.0,0.175,0.0,0,0.82,1.17x0.96x0.70
turn_gasstove,s18,3260,3330,Turn off gas stove,,70,2.33,right,0,42,21,-1,,0.0,0.0,0.0,0.0,0.313,0.0,0,1.17,1.17x0.96x0.70
place_book,s19,180,300,Move book from bookshelf to table,,120,4.0,both,83,59,0,9,9,0.137,1.626,2.087,1.12,0.768,0.388,49,0.26,0.32x0.29x0.13
place_book,s19,821,960,Move book from desk to bookshelf,,139,4.63,both,125,44,9,24,15,0.51,1.794,2.461,1.67,1.14,0.985,115,0.33,0.32x0.29x0.13
place_book,s20,360,510,Move book from bookshelf to table,,150,5.0,both,128,92,13,42,29,0.142,1.704,2.14,1.21,1.518,0.542,54,0.28,0.32x0.29x0.13
turn_gasstove,s20,3810,3870,Turn on gas stove,,60,2.0,right,0,34,24,-1,,0.0,0.0,0.0,0.0,0.209,0.0,0,1.75,1.17x0.96x0.70
turn_gasstove,s21,3600,3720,Turn on gas stove,,120,4.0,both,70,119,1,-1,,0.0,0.0,0.0,0.0,0.135,0.0,0,0.77,1.17x0.96x0.70
turn_gasstove,s21,4680,4770,Turn off gas stove,,90,3.0,both,31,80,0,-1,,0.0,0.0,0.0,0.0,0.367,0.0,0,0.74,1.17x0.96x0.70
drink_cup,s22,2010,2220,Drink from cup,,210,7.0,right,0,203,7,43,36,0.43,0.023,1.544,0.8,0.075,0.05,123,0.39,0.14x0.13x0.12
place_book,s22,3660,3780,Move book from bookshelf to table,,120,4.0,both,60,82,0,5,5,0.158,1.812,2.319,1.09,0.834,0.49,48,0.62,0.32x0.29x0.13
move_kettle,s23,210,420,Move kettle from table to desk,,210,7.0,right,0,210,0,27,27,0.195,1.459,2.225,0.93,1.971,1.848,122,0.26,0.19x0.16x0.14
place_book,s23,1590,1650,Move book from bookshelf to table,,60,2.0,left,59,0,1,55,54,0.06,0.803,1.116,1.07,0.349,0.043,5,0.58,0.32x0.29x0.13
drink_cup,s23,2550,2730,Drink from cup,,180,6.0,right,0,180,0,35,35,0.439,0.016,1.394,0.77,0.065,0.046,104,0.24,0.14x0.13x0.12
turn_gasstove,s24,2940,3030,Turn on gas stove,,90,3.0,both,37,68,0,-1,,0.0,0.0,0.0,0.0,0.376,0.0,0,0.82,1.17x0.96x0.70
turn_gasstove,s24,3960,4050,Turn off gas stove,,90,3.0,right,0,90,0,-1,,0.0,0.0,0.0,0.0,0.286,0.0,0,0.97,1.17x0.96x0.70
drink_cup,s24,4410,4530,Drink from cup,,120,4.0,right,0,109,11,36,25,0.754,0.401,1.385,1.3,0.295,0.071,84,0.38,0.14x0.13x0.12
place_book,s24,4770,5010,Move book from desk to bookshelf,,240,8.0,both,164,75,21,50,29,0.422,1.439,2.099,1.1,1.338,0.732,187,0.68,0.32x0.29x0.13
turn_gasstove,s25,2280,2340,Turn on gas stove,,60,2.0,right,0,55,0,-1,,0.0,0.0,0.0,0.0,0.152,0.0,0,1.32,1.17x0.96x0.70
turn_gasstove,s25,2820,2880,Turn off gas stove,,60,2.0,right,0,60,0,-1,,0.0,0.0,0.0,0.0,0.17,0.0,0,1.03,1.17x0.96x0.70
move_kettle,s26,300,420,Move kettle from desk to table,,120,4.0,right,0,117,0,11,11,0.211,1.684,1.867,1.31,0.686,0.581,61,0.22,0.19x0.16x0.14
place_book,s26,1410,1530,Move book from bookshelf to table,,120,4.0,both,75,67,0,33,33,0.222,1.483,1.973,1.38,0.774,0.279,39,0.53,0.32x0.29x0.13
drink_cup,s26,1620,1800,Drink from cup,,180,6.0,right,0,174,0,27,27,0.423,0.069,1.472,0.8,0.078,0.046,98,0.78,0.14x0.13x0.12
place_book,s26,2940,3067,Move book from desk to bookshelf,,127,4.23,both,123,78,3,28,25,0.438,1.498,2.164,1.34,0.843,0.73,99,0.53,0.32x0.29x0.13
place_book,s27,600,765,Move book from bookshelf to table,,165,5.5,both,115,154,7,36,29,0.195,1.765,2.28,1.01,2.007,1.194,50,0.45,0.32x0.29x0.13
drink_cup,s27,1740,1920,Drink from cup,,180,6.0,right,0,172,0,21,21,0.421,0.055,1.406,0.82,0.07,0.046,104,0.59,0.14x0.13x0.12
turn_gasstove,s27,3120,3180,Turn on gas stove,,60,2.0,right,0,52,5,-1,,0.0,0.0,0.0,0.0,0.312,0.0,0,1.13,1.17x0.96x0.70
turn_gasstove,s27,4050,4140,Turn off gas stove,,90,3.0,left,76,0,0,-1,,0.0,0.0,0.0,0.0,0.274,0.0,0,0.72,1.17x0.96x0.70
turn_gasstove,s29,1020,1140,Turn on gas stove,,120,4.0,right,0,120,0,-1,,0.0,0.0,0.0,0.0,0.121,0.0,0,0.95,1.17x0.96x0.70
turn_gasstove,s29,1890,1980,Turn off gas stove,,90,3.0,right,0,77,0,-1,,0.0,0.0,0.0,0.0,0.177,0.0,0,0.77,1.17x0.96x0.70
drink_cup,s29,3360,3600,Drink from cup,,240,8.0,left,240,0,0,39,39,0.373,0.369,1.353,0.59,0.076,0.061,189,0.21,0.14x0.13x0.12
turn_gasstove,s30,2370,2444,Turn on gas stove,,74,2.47,right,0,66,8,-1,,0.0,0.0,0.0,0.0,0.103,0.0,0,0.82,1.17x0.96x0.70
turn_gasstove,s30,2850,2910,Turn off gas stove,,60,2.0,right,0,60,0,-1,,0.0,0.0,0.0,0.0,0.044,0.0,0,0.92,1.17x0.96x0.70
place_book,s30,4110,4350,Move book from bookshelf to table,,240,8.0,both,235,177,5,48,43,0.238,1.735,3.586,0.92,2.27,1.873,143,0.25,0.32x0.29x0.13
drink_cup,s31,810,1050,Drink from cup,,240,8.0,left,240,0,0,32,32,0.406,0.03,1.325,0.63,0.112,0.05,142,0.16,0.14x0.13x0.12
place_book,s31,1500,1650,Move book from desk to bookshelf,,150,5.0,both,139,128,0,-1,,0.0,0.748,0.955,1.23,0.303,0.0,0,0.2,0.32x0.29x0.13
move_kettle,s31,3000,3120,Move kettle from desk to table,,120,4.0,both,112,114,0,6,6,0.07,1.622,1.773,1.1,0.987,0.441,34,0.27,0.19x0.16x0.14
drink_cup,s32,2640,2850,Drink from cup,,210,7.0,right,0,210,0,16,16,0.402,0.057,1.323,0.67,0.068,0.046,157,0.3,0.14x0.13x0.12
turn_gasstove,s32,4170,4290,Turn on gas stove,,120,4.0,right,0,102,16,-1,,0.0,0.0,0.0,0.0,0.161,0.0,0,1.28,1.17x0.96x0.70
turn_gasstove,s33,2400,2490,Turn off gas stove,,90,3.0,right,0,70,15,-1,,0.0,0.0,0.0,0.0,0.126,0.0,0,0.76,1.17x0.96x0.70
place_book,s33,3510,3660,Move book from bookshelf to table,,150,5.0,both,140,72,8,66,58,0.196,1.431,1.944,1.61,0.963,0.364,34,0.33,0.32x0.29x0.13
place_book,s34,1500,1740,Move book from desk to bookshelf,,240,8.0,both,207,64,0,16,16,0.489,1.766,2.61,1.37,1.313,1.058,202,0.27,0.32x0.29x0.13
drink_cup,s34,2220,2460,Drink from cup,,240,8.0,left,240,0,0,29,29,0.89,0.048,2.096,1.0,0.27,0.239,192,0.17,0.14x0.13x0.12
turn_gasstove,s35,3690,3750,Turn on gas stove,,60,2.0,right,0,55,5,-1,,0.0,0.0,0.0,0.0,0.227,0.0,0,0.89,1.17x0.96x0.70
turn_gasstove,s36,180,240,Turn on gas stove,,60,2.0,right,0,55,5,-1,,0.0,0.0,0.0,0.0,0.205,0.0,0,0.79,1.17x0.96x0.70
drink_cup,s36,2040,2190,Drink from cup,,150,5.0,right,0,149,0,41,41,0.439,0.127,1.549,0.97,0.041,0.025,77,0.24,0.14x0.13x0.12
place_book,s36,3330,3450,Move book from bookshelf to table,,120,4.0,both,114,70,6,42,36,0.226,1.521,1.787,1.01,0.915,0.73,78,0.25,0.32x0.29x0.13
place_book,s36,3900,4110,Move book from desk to bookshelf,,210,7.0,both,193,25,12,25,13,0.503,1.429,2.262,1.12,1.094,1.002,184,0.32,0.32x0.29x0.13
move_kettle,s37,780,900,Move kettle from table to desk,,120,4.0,right,0,114,6,43,37,0.241,1.346,1.78,1.15,1.195,0.628,66,0.33,0.19x0.16x0.14
drink_cup,s37,1140,1320,Drink from cup,,180,6.0,right,0,153,14,37,23,0.47,0.069,1.513,1.12,0.068,0.032,92,0.19,0.14x0.13x0.12
turn_gasstove,s37,3720,3810,Turn on gas stove,,90,3.0,right,0,74,0,-1,,0.0,0.0,0.0,0.0,0.299,0.0,0,1.33,1.17x0.96x0.70
turn_gasstove,s38,1050,1140,Turn off gas stove,,90,3.0,right,0,82,0,-1,,0.0,0.0,0.0,0.0,0.1,0.0,0,0.79,1.17x0.96x0.70
drink_cup,s38,2760,2880,Drink from cup,,120,4.0,right,0,120,0,8,8,0.464,0.04,1.251,0.92,0.039,0.033,102,0.13,0.14x0.13x0.12
place_book,s39,120,270,Move book from bookshelf to table,,150,5.0,both,103,102,0,23,23,0.224,1.738,2.251,1.04,1.291,1.127,83,0.23,0.32x0.29x0.13
drink_cup,s39,2070,2190,Drink from cup,,120,4.0,right,0,120,0,12,12,0.461,0.018,1.145,0.86,0.053,0.042,85,0.14,0.14x0.13x0.12
place_book,s39,2580,2670,Move book from desk to bookshelf,,90,3.0,left,77,9,0,-1,,0.0,0.753,1.013,0.98,0.484,0.0,0,0.19,0.32x0.29x0.13
place_book,s40,210,390,Move book from bookshelf to table,,180,6.0,both,139,64,14,41,27,0.163,1.726,2.148,0.96,1.08,0.495,69,0.44,0.32x0.29x0.13
turn_gasstove,s40,2310,2400,Turn on gas stove,,90,3.0,right,0,72,12,-1,,0.0,0.0,0.0,0.0,0.169,0.0,0,0.88,1.17x0.96x0.70
turn_gasstove,s40,3870,3960,Turn on gas stove,,90,3.0,right,0,84,6,-1,,0.0,0.0,0.0,0.0,0.248,0.0,0,1.11,1.17x0.96x0.70
move_kettle,s41,630,810,Move kettle from table to desk,,180,6.0,left,172,0,3,30,27,0.178,1.979,2.605,1.31,2.454,1.935,100,0.46,0.19x0.16x0.14
place_book,s41,1200,1320,Move book from bookshelf to table,,120,4.0,both,81,39,14,44,30,0.327,1.412,1.927,1.06,1.052,0.62,76,0.32,0.32x0.29x0.13
place_book,s41,2340,2460,Move book from desk to bookshelf,,120,4.0,both,114,44,0,8,8,0.301,1.374,1.733,1.45,0.388,0.354,106,0.34,0.32x0.29x0.13
drink_cup,s41,2820,2940,Drink from cup,,120,4.0,right,0,120,0,19,19,0.717,0.18,1.432,1.09,0.223,0.168,101,0.72,0.14x0.13x0.12
turn_gasstove,s42,1560,1650,Turn on gas stove,,90,3.0,right,0,90,0,-1,,0.0,0.0,0.0,0.0,0.098,0.0,0,0.83,1.17x0.96x0.70
place_book,s43,450,600,Move book from bookshelf to table,,150,5.0,both,99,88,0,28,28,0.145,1.727,2.306,1.17,0.983,0.493,53,0.38,0.32x0.29x0.13
drink_cup,s43,2370,2580,Drink from cup,,210,7.0,left,195,0,1,33,32,0.431,0.109,1.632,0.96,0.139,0.093,136,0.26,0.14x0.13x0.12
turn_gasstove,s44,2130,2220,Turn off gas stove,,90,3.0,left,76,0,0,-1,,0.0,0.0,0.0,0.0,0.115,0.0,0,1.57,1.17x0.96x0.70
place_book,s44,2910,3030,Move book from desk to bookshelf,,120,4.0,both,118,51,1,17,16,0.405,1.732,2.426,1.47,1.166,1.12,103,0.32,0.32x0.29x0.13
move_kettle,s45,900,1050,Move kettle from table to desk,,150,5.0,right,0,150,0,16,16,0.227,1.313,2.288,0.89,1.801,1.68,105,0.15,0.19x0.16x0.14
place_book,s45,1890,2100,Move book from bookshelf to table,,210,7.0,both,139,209,0,48,48,0.125,1.396,2.171,1.0,0.584,0.169,27,0.6,0.32x0.29x0.13
drink_cup,s45,3270,3600,Drink from cup,,330,11.0,right,1,324,0,74,74,0.453,0.052,1.281,0.72,0.12,0.048,205,0.44,0.14x0.13x0.12
turn_gasstove,s46,2970,3120,Turn on gas stove,,150,5.0,right,0,147,3,-1,,0.0,0.0,0.0,0.0,0.1,0.0,0,0.9,1.17x0.96x0.70
turn_gasstove,s46,4980,5070,Turn off gas stove,,90,3.0,right,0,90,0,-1,,0.0,0.0,0.0,0.0,0.065,0.0,0,1.33,1.17x0.96x0.70
place_book,s47,2040,2280,Move book from desk to bookshelf,,240,8.0,both,213,135,4,37,33,0.495,1.81,2.642,1.01,1.606,1.33,180,0.49,0.32x0.29x0.13
place_book,s48,540,750,Move book from bookshelf to table,,210,7.0,left,189,0,19,63,44,0.106,1.445,2.184,0.94,1.464,0.816,100,0.45,0.32x0.29x0.13
drink_cup,s48,1290,1440,Drink from cup,,150,5.0,right,0,148,2,32,30,0.436,0.057,1.557,0.88,0.064,0.044,90,0.22,0.14x0.13x0.12
place_book,s48,3570,3720,Move book from desk to bookshelf,,150,5.0,both,121,61,0,15,15,0.383,1.294,2.17,1.17,0.947,0.738,106,0.52,0.32x0.29x0.13
turn_gasstove,s49,2520,2610,Turn on gas stove,,90,3.0,right,0,52,12,-1,,0.0,0.0,0.0,0.0,0.158,0.0,0,0.77,1.17x0.96x0.70
turn_gasstove,s49,3600,3660,Turn off gas stove,,60,2.0,right,0,57,3,-1,,0.0,0.0,0.0,0.0,0.096,0.0,0,1.06,1.17x0.96x0.70
drink_cup,s50,1890,2070,Drink from cup,,180,6.0,right,0,160,0,24,24,0.742,0.044,1.837,1.1,0.22,0.122,100,0.29,0.14x0.13x0.12
place_book,s50,2370,2550,Move book from bookshelf to table,,180,6.0,both,171,38,9,29,20,0.108,1.465,1.877,1.08,0.429,0.068,28,0.37,0.32x0.29x0.13
move_kettle,s51,1050,1140,Move kettle from desk to table,,90,3.0,left,90,0,0,5,5,0.062,1.467,1.606,1.17,0.889,0.452,29,0.18,0.19x0.16x0.14
place_book,s51,1260,1470,Move book from bookshelf to table,,210,7.0,left,196,0,0,24,24,0.107,1.934,2.385,0.8,1.326,1.168,111,0.43,0.32x0.29x0.13
drink_cup,s51,2970,3120,Drink from cup,,150,5.0,right,0,140,7,30,23,0.425,0.071,1.604,0.99,0.191,0.092,91,0.22,0.14x0.13x0.12
place_book,s52,450,630,Move book from bookshelf to table,,180,6.0,left,160,0,12,46,34,0.099,2.152,2.613,1.02,1.494,0.724,57,0.45,0.32x0.29x0.13
turn_gasstove,s52,2430,2490,Turn on gas stove,,60,2.0,right,0,45,0,-1,,0.0,0.0,0.0,0.0,0.196,0.0,0,1.14,1.17x0.96x0.70
turn_gasstove,s52,3300,3390,Turn on gas stove,,90,3.0,right,0,46,21,-1,,0.0,0.0,0.0,0.0,0.471,0.0,0,0.79,1.17x0.96x0.70
drink_cup,s52,4260,4410,Drink from cup,,150,5.0,left,143,0,7,24,17,0.465,0.004,1.77,0.93,0.116,0.079,106,0.3,0.14x0.13x0.12
turn_gasstove,s53,3930,4020,Turn on gas stove,,90,3.0,right,0,90,0,-1,,0.0,0.0,0.0,0.0,0.083,0.0,0,0.96,1.17x0.96x0.70
turn_gasstove,s53,5025,5130,Turn off gas stove,,105,3.5,right,0,70,11,-1,,0.0,0.0,0.0,0.0,0.237,0.0,0,1.41,1.17x0.96x0.70
drink_cup,s54,1110,1230,Drink from cup,,120,4.0,right,0,120,0,43,43,0.26,0.21,1.163,0.63,0.152,0.02,53,0.19,0.14x0.13x0.12
place_book,s54,2730,3030,Move book from bookshelf to table,,300,10.0,both,162,221,2,41,39,0.229,1.419,3.339,0.91,1.822,1.106,156,0.49,0.32x0.29x0.13
move_kettle,s55,150,300,Move kettle from table to desk,,150,5.0,right,0,131,19,39,20,0.332,1.576,1.883,1.34,1.564,0.911,80,0.2,0.19x0.16x0.14
place_book,s55,840,990,Move book from bookshelf to table,,150,5.0,both,108,74,3,36,33,0.201,1.4,2.47,1.05,0.962,0.756,84,0.4,0.32x0.29x0.13
drink_cup,s55,1950,2100,Drink from cup,,150,5.0,right,0,139,0,19,19,0.477,0.057,1.139,1.05,0.069,0.041,93,0.32,0.14x0.13x0.12
turn_gasstove,s56,1050,1170,Turn on gas stove,,120,4.0,right,0,105,15,-1,,0.0,0.0,0.0,0.0,0.486,0.0,0,0.99,1.17x0.96x0.70
turn_gasstove,s56,1650,1740,Turn off gas stove,,90,3.0,right,0,72,12,-1,,0.0,0.0,0.0,0.0,0.122,0.0,0,0.79,1.17x0.96x0.70
drink_cup,s56,2130,2280,Drink from cup,,150,5.0,right,0,143,7,25,18,0.908,0.028,2.096,1.37,0.361,0.103,93,0.35,0.14x0.13x0.12
place_book,s56,2490,2640,Move book from desk to bookshelf,,150,5.0,both,73,37,25,32,7,0.403,1.206,2.173,1.53,1.041,0.501,90,0.36,0.32x0.29x0.13
turn_gasstove,s57,1800,1860,Turn on gas stove,,60,2.0,right,0,60,0,-1,,0.0,0.0,0.0,0.0,0.073,0.0,0,0.99,1.17x0.96x0.70
turn_gasstove,s57,2880,2940,Turn off gas stove,,60,2.0,right,0,59,1,-1,,0.0,0.0,0.0,0.0,0.18,0.0,0,0.63,1.17x0.96x0.70
place_book,s58,1170,1299,Move book from bookshelf to table,,129,4.3,both,104,16,22,50,28,0.121,1.457,1.838,1.25,0.885,0.392,32,0.32,0.32x0.29x0.13
drink_cup,s58,1299,1500,Drink from cup,,201,6.7,right,0,168,14,35,21,0.88,0.059,2.042,1.1,0.38,0.168,115,0.28,0.14x0.13x0.12
place_book,s58,2280,2460,Move book from desk to bookshelf,,180,6.0,both,81,91,0,63,63,0.421,1.452,2.276,1.44,1.065,0.896,98,0.54,0.32x0.29x0.13
drink_cup,s59,1590,1800,Drink from cup,,210,7.0,right,0,178,21,93,72,0.506,0.107,1.391,0.96,0.166,0.047,86,0.55,0.14x0.13x0.12
turn_gasstove,s59,2790,2880,Turn on gas stove,,90,3.0,right,0,64,6,-1,,0.0,0.0,0.0,0.0,0.256,0.0,0,1.05,1.17x0.96x0.70
turn_gasstove,s59,3840,3930,Turn off gas stove,,90,3.0,right,0,62,14,-1,,0.0,0.0,0.0,0.0,0.36,0.0,0,0.8,1.17x0.96x0.70
place_book,s60,180,330,Move book from bookshelf to table,,150,5.0,both,92,90,5,24,19,0.106,1.567,1.87,1.34,0.946,0.232,29,0.52,0.32x0.29x0.13
drink_cup,s60,1890,2130,Drink from cup,,240,8.0,right,0,219,6,57,51,0.536,0.033,1.466,0.95,0.111,0.048,129,0.16,0.14x0.13x0.12
place_book,s60,2340,2490,Move book from desk to bookshelf,,150,5.0,both,137,56,12,30,18,0.378,1.795,2.186,1.26,1.332,1.119,119,0.35,0.32x0.29x0.13
turn_gasstove,s61,1290,1470,Turn on gas stove,,180,6.0,right,0,143,17,-1,,0.0,0.0,0.0,0.0,0.418,0.0,0,0.81,1.17x0.96x0.70
turn_gasstove,s61,2700,2820,Turn off gas stove,,120,4.0,right,0,81,11,-1,,0.0,0.0,0.0,0.0,0.562,0.0,0,1.13,1.17x0.96x0.70
turn_gasstove,s62,1920,2070,Turn on gas stove,,150,5.0,right,0,107,28,-1,,0.0,0.0,0.0,0.0,0.492,0.0,0,0.8,1.17x0.96x0.70
turn_gasstove,s62,3720,3810,Turn off gas stove,,90,3.0,right,0,62,19,-1,,0.0,0.0,0.0,0.0,0.454,0.0,0,0.87,1.17x0.96x0.70
drink_cup,s63,540,750,Drink from cup,,210,7.0,right,0,201,9,56,47,0.469,0.25,1.456,0.96,0.126,0.054,119,0.27,0.14x0.13x0.12
place_book,s63,2250,2400,Move book from bookshelf to table,,150,5.0,both,121,66,5,57,52,0.051,1.023,1.339,1.09,1.301,0.195,15,0.57,0.32x0.29x0.13
place_book,s64,390,510,Move book from bookshelf to table,,120,4.0,both,98,46,22,-1,,0.021,1.128,1.242,1.39,0.341,0.0,0,0.58,0.32x0.29x0.13
place_book,s64,2550,2760,Move book from table to bookshelf,,210,7.0,both,175,85,12,48,36,0.26,1.296,1.559,0.78,0.489,0.4,143,0.56,0.32x0.29x0.13
turn_gasstove,s65,3120,3240,Turn on gas stove,,120,4.0,right,0,98,12,-1,,0.0,0.0,0.0,0.0,0.29,0.0,0,0.92,1.17x0.96x0.70
turn_gasstove,s65,3510,3600,Turn off gas stove,,90,3.0,right,0,64,3,-1,,0.0,0.0,0.0,0.0,0.301,0.0,0,0.78,1.17x0.96x0.70
drink_cup,s65,4770,5070,Drink from cup,,300,10.0,right,0,280,17,65,48,0.515,0.288,1.855,0.82,0.207,0.078,185,0.21,0.14x0.13x0.12
place_book,s66,450,600,Move book from bookshelf to table,,150,5.0,both,131,69,19,75,56,0.114,1.451,1.833,1.2,0.982,0.226,24,0.63,0.32x0.29x0.13
turn_gasstove,s66,2760,2850,Turn on gas stove,,90,3.0,right,0,85,5,-1,,0.0,0.0,0.0,0.0,0.096,0.0,0,0.79,1.17x0.96x0.70
turn_gasstove,s66,3480,3570,Turn off gas stove,,90,3.0,right,0,67,17,-1,,0.0,0.0,0.0,0.0,0.38,0.0,0,0.85,1.17x0.96x0.70
place_book,s67,531,651,Move book from bookshelf to table,,120,4.0,both,98,87,2,24,22,0.205,1.448,1.778,1.0,1.014,0.837,92,0.37,0.32x0.29x0.13
turn_gasstove,s67,3261,3381,Turn on gas stove,,120,4.0,right,0,102,7,-1,,0.0,0.0,0.0,0.0,0.131,0.0,0,1.73,1.17x0.96x0.70
turn_gasstove,s68,1680,1770,Turn off gas stove,,90,3.0,right,0,60,14,-1,,0.0,0.0,0.0,0.0,0.575,0.0,0,1.09,1.17x0.96x0.70
drink_cup,s68,3870,4050,Drink from cup,,180,6.0,right,0,177,3,30,27,0.378,0.08,1.379,0.91,0.036,0.026,125,0.3,0.14x0.13x0.12
place_book,s69,3060,3210,Move book from bookshelf to table,,150,5.0,both,103,23,22,41,19,0.1,2.078,2.651,1.68,1.981,0.555,33,0.37,0.32x0.29x0.13
drink_cup,s69,3780,3960,Drink from cup,,180,6.0,right,0,161,11,30,19,0.417,0.013,1.116,1.07,0.086,0.036,112,0.47,0.14x0.13x0.12
place_book,s69,4050,4230,Move book from desk to bookshelf,,180,6.0,both,114,111,5,16,11,0.419,1.607,2.629,1.47,1.539,1.355,152,0.39,0.32x0.29x0.13
turn_gasstove,s70,2370,2460,Turn on gas stove,,90,3.0,right,0,71,17,-1,,0.0,0.0,0.0,0.0,0.075,0.0,0,1.68,1.17x0.96x0.70
turn_gasstove,s70,3210,3300,Turn off gas stove,,90,3.0,right,0,54,30,-1,,0.0,0.0,0.0,0.0,0.284,0.0,0,0.8,1.17x0.96x0.70
turn_gasstove,s71,1800,1890,Turn on gas stove,,90,3.0,right,0,88,0,-1,,0.0,0.0,0.0,0.0,0.113,0.0,0,1.49,1.17x0.96x0.70
turn_gasstove,s71,2520,2610,Turn off gas stove,,90,3.0,right,0,56,14,-1,,0.0,0.0,0.0,0.0,0.202,0.0,0,1.86,1.17x0.96x0.70
drink_cup,s71,3990,4140,Drink from cup,,150,5.0,right,0,129,21,42,21,0.43,0.198,1.591,1.39,0.131,0.056,108,0.5,0.14x0.13x0.12
place_book,s72,540,660,Move book from bookshelf to table,,120,4.0,both,54,57,8,30,22,0.101,1.569,1.81,1.49,0.675,0.275,23,0.33,0.32x0.29x0.13
place_book,s72,2010,2160,Move book from desk to bookshelf,,150,5.0,both,37,95,24,34,10,0.41,1.58,2.032,1.35,1.681,0.901,109,0.35,0.32x0.29x0.13
turn_gasstove,s73,2445,2580,Turn on gas stove,,135,4.5,right,0,126,9,-1,,0.0,0.0,0.0,0.0,0.302,0.0,0,1.21,1.17x0.96x0.70
turn_gasstove,s73,3360,3450,Turn off gas stove,,90,3.0,right,0,44,28,-1,,0.0,0.0,0.0,0.0,0.088,0.0,0,1.06,1.17x0.96x0.70
drink_cup,s73,4470,4680,Drink from cup,,210,7.0,right,0,188,20,67,47,0.487,0.078,1.591,1.15,0.226,0.041,111,0.37,0.14x0.13x0.12
place_book,s73,4980,5190,Move book from bookshelf to table,,210,7.0,both,209,84,0,22,22,0.211,1.368,2.461,1.46,0.549,0.074,36,0.35,0.32x0.29x0.13
turn_gasstove,s74,1830,1980,Turn off gas stove,,150,5.0,left,86,0,48,-1,,0.0,0.0,0.0,0.0,0.626,0.0,0,1.52,1.17x0.96x0.70
turn_gasstove,s75,2580,2730,Turn on gas stove,,150,5.0,left,80,0,39,-1,,0.0,0.0,0.0,0.0,0.406,0.0,0,1.08,1.17x0.96x0.70
turn_gasstove,s75,3720,3840,Turn off gas stove,,120,4.0,left,70,0,38,-1,,0.0,0.0,0.0,0.0,0.938,0.0,0,1.47,1.17x0.96x0.70
drink_cup,s75,4470,4718,Drink from cup,,248,8.27,both,92,212,0,3,3,0.355,0.545,1.488,0.7,0.618,0.218,99,0.14,0.14x0.13x0.12
move_kettle,s77,750,983,Move kettle from table to desk,,233,7.77,left,187,0,20,52,32,0.316,1.927,2.483,1.08,2.488,2.12,118,0.28,0.19x0.16x0.14
turn_gasstove,s77,2460,2550,Turn on gas stove,,90,3.0,left,56,0,18,-1,,0.0,0.0,0.0,0.0,0.815,0.0,0,1.08,1.17x0.96x0.70
turn_gasstove,s77,3660,3750,Turn off gas stove,,90,3.0,left,73,0,14,-1,,0.0,0.0,0.0,0.0,0.398,0.0,0,1.37,1.17x0.96x0.70
drink_cup,s77,5130,5370,Drink from cup,,240,8.0,both,201,106,11,81,70,0.367,0.058,1.211,0.63,0.169,0.042,99,0.21,0.14x0.13x0.12
drink_cup,s79,840,1004,Drink from cup,,164,5.47,right,0,162,0,17,17,0.72,0.079,1.727,1.11,0.259,0.118,105,0.29,0.14x0.13x0.12
turn_gasstove,s79,3605,3720,Turn on gas stove,,115,3.83,both,77,24,38,-1,,0.0,0.0,0.0,0.0,0.634,0.0,0,0.75,1.17x0.96x0.70
turn_gasstove,s79,4599,4680,Turn off gas stove,,81,2.7,left,58,0,8,-1,,0.0,0.0,0.0,0.0,0.343,0.0,0,2.0,1.17x0.96x0.70
drink_cup,s80,300,510,Drink from cup,,210,7.0,right,0,173,37,80,43,0.204,0.046,1.436,0.76,0.231,0.103,106,0.23,0.14x0.13x0.12
turn_gasstove,s80,4080,4230,Turn on gas stove,,150,5.0,right,0,127,9,-1,,0.0,0.0,0.0,0.0,0.324,0.0,0,1.82,1.17x0.96x0.70
turn_gasstove,s80,4230,4350,Turn off gas stove,,120,4.0,right,0,114,0,-1,,0.0,0.0,0.0,0.0,0.071,0.0,0,1.78,1.17x0.96x0.70
turn_gasstove,s81,147,252,Turn off gas stove,,105,3.5,right,0,48,26,-1,,0.0,0.0,0.0,0.0,0.404,0.0,0,1.63,1.17x0.96x0.70
drink_cup,s81,2130,2394,Drink from cup,,264,8.8,right,0,231,22,77,55,0.313,0.033,1.328,0.78,0.112,0.041,119,0.22,0.14x0.13x0.12
turn_gasstove,s82,660,776,Turn off gas stove,,116,3.87,right,0,76,3,-1,,0.0,0.0,0.0,0.0,0.374,0.0,0,1.36,1.17x0.96x0.70
move_kettle,s84,1650,1902,Move kettle from table to desk,,252,8.4,right,0,229,15,44,29,0.308,2.048,3.013,0.76,2.778,2.336,169,0.18,0.19x0.16x0.14
drink_cup,s84,2396,2637,Drink from cup,,241,8.03,right,0,237,0,36,36,0.51,0.036,1.416,0.59,0.229,0.059,164,0.21,0.14x0.13x0.12
turn_gasstove,s85,150,420,Turn on gas stove,,270,9.0,right,3,135,36,-1,,0.0,0.0,0.0,0.0,1.088,0.0,0,1.32,1.17x0.96x0.70
turn_gasstove,s85,2400,2490,Turn off gas stove,,90,3.0,right,0,69,19,-1,,0.0,0.0,0.0,0.0,0.286,0.0,0,1.13,1.17x0.96x0.70
move_kettle,s86,630,786,Move kettle from desk to table,,156,5.2,left,121,0,26,46,20,0.34,1.897,2.334,1.29,1.503,0.665,71,0.3,0.19x0.16x0.14
drink_cup,s86,3150,3342,Drink from cup,,192,6.4,right,0,179,2,21,19,0.88,0.012,2.459,1.04,0.791,0.637,124,0.29,0.14x0.13x0.12
move_kettle,s87,1110,1269,Move kettle from table to desk,,159,5.3,both,94,151,8,44,36,0.219,1.325,1.897,0.86,1.856,1.27,115,0.18,0.19x0.16x0.14
drink_cup,s87,1920,2220,Drink from cup,,300,10.0,right,0,257,21,63,42,0.429,0.089,1.457,0.64,0.138,0.059,164,0.39,0.14x0.13x0.12
turn_gasstove,s88,180,480,Turn on gas stove,,300,10.0,right,0,196,65,-1,,0.0,0.0,0.0,0.0,0.368,0.0,0,1.31,1.17x0.96x0.70
turn_gasstove,s88,2490,2610,Turn off gas stove,,120,4.0,right,0,78,17,-1,,0.0,0.0,0.0,0.0,0.11,0.0,0,1.69,1.17x0.96x0.70
drink_cup,s89,840,1209,Drink from cup,,369,12.3,left,358,0,3,72,69,0.826,0.029,2.0,0.66,0.208,0.133,236,0.23,0.14x0.13x0.12
turn_gasstove,s89,4260,4419,Turn on gas stove,,159,5.3,right,0,91,50,-1,,0.0,0.0,0.0,0.0,0.716,0.0,0,1.2,1.17x0.96x0.70
turn_gasstove,s90,1350,1560,Turn off gas stove,,210,7.0,right,0,147,27,-1,,0.0,0.0,0.0,0.0,1.165,0.0,0,1.57,1.17x0.96x0.70
move_kettle,s91,180,450,Move kettle from table to desk,,270,9.0,both,126,209,30,81,51,0.259,1.522,1.829,0.74,1.724,1.192,101,0.18,0.19x0.16x0.14
turn_gasstove,s91,2220,2400,Turn on gas stove,,180,6.0,right,0,111,45,-1,,0.0,0.0,0.0,0.0,0.758,0.0,0,1.3,1.17x0.96x0.70
turn_gasstove,s91,3450,3543,Turn off gas stove,,93,3.1,right,0,59,19,-1,,0.0,0.0,0.0,0.0,0.271,0.0,0,1.96,1.17x0.96x0.70
drink_cup,s91,4950,5123,Drink from cup,,173,5.77,left,173,0,0,30,30,0.449,0.06,1.077,0.55,0.06,0.04,114,0.32,0.14x0.13x0.12
move_kettle,s92,472,750,Move kettle from table to desk,,278,9.27,left,248,0,30,54,24,0.316,1.671,2.674,1.36,1.608,0.98,151,0.18,0.19x0.16x0.14
turn_gasstove,s92,4080,4380,Turn on gas stove,,300,10.0,both,44,101,154,-1,,0.0,0.0,0.0,0.0,0.588,0.0,0,1.28,1.17x0.96x0.70
drink_cup,s93,409,649,Drink from cup,,240,8.0,right,0,223,7,47,40,0.394,0.049,1.41,0.71,0.075,0.038,132,0.97,0.14x0.13x0.12
turn_gasstove,s95,690,780,Turn on gas stove,,90,3.0,right,0,70,12,-1,,0.0,0.0,0.0,0.0,0.331,0.0,0,1.24,1.17x0.96x0.70
turn_gasstove,s95,1620,1740,Turn off gas stove,,120,4.0,left,91,0,0,-1,,0.0,0.0,0.0,0.0,0.201,0.0,0,0.74,1.17x0.96x0.70
drink_cup,s95,2460,2694,Drink from cup,,234,7.8,both,93,224,5,26,21,0.387,0.03,1.328,0.59,0.127,0.066,159,0.39,0.14x0.13x0.12
move_kettle,s96,210,390,Move kettle from table to desk,,180,6.0,both,127,135,19,42,23,0.316,1.743,1.986,1.24,1.97,1.625,79,0.34,0.19x0.16x0.14
drink_cup,s96,3070,3283,Drink from cup,,213,7.1,both,213,125,0,3,3,0.316,0.097,1.289,0.55,0.138,0.09,135,0.48,0.14x0.13x0.12
move_kettle,s97,750,972,Move kettle from table to desk,,222,7.4,both,69,205,5,24,19,0.314,2.124,2.96,1.26,2.212,1.807,124,0.24,0.19x0.16x0.14
turn_gasstove,s98,1221,1290,Turn on gas stove,,69,2.3,right,0,68,0,-1,,0.0,0.0,0.0,0.0,0.2,0.0,0,0.58,1.17x0.96x0.70
turn_gasstove,s98,2400,2520,Turn off gas stove,,120,4.0,left,72,0,26,-1,,0.0,0.0,0.0,0.0,0.277,0.0,0,1.73,1.17x0.96x0.70
drink_cup,s98,3741,3870,Drink from cup,,129,4.3,left,127,0,2,27,25,0.431,0.349,1.383,1.05,0.081,0.048,102,0.18,0.14x0.13x0.12
move_kettle,s99,477,600,Move kettle from table to desk,,123,4.1,right,0,102,0,21,21,0.374,1.792,2.09,1.63,0.906,0.649,49,0.29,0.19x0.16x0.14
turn_gasstove,s99,2430,2520,Turn on gas stove,,90,3.0,left,63,0,6,-1,,0.0,0.0,0.0,0.0,0.319,0.0,0,0.91,1.17x0.96x0.70
turn_gasstove,s99,4320,4472,Turn off gas stove,,152,5.07,left,139,0,13,-1,,0.0,0.0,0.0,0.0,0.267,0.0,0,1.44,1.17x0.96x0.70
drink_cup,s100,655,810,Drink from cup,,155,5.17,both,155,98,0,6,6,0.376,0.052,1.29,0.8,0.088,0.071,126,0.14,0.14x0.13x0.12
turn_gasstove,s101,2310,2370,Turn on gas stove,,60,2.0,left,44,0,6,-1,,0.0,0.0,0.0,0.0,0.05,0.0,0,1.44,1.17x0.96x0.70
turn_gasstove,s101,3080,3150,Turn off gas stove,,70,2.33,left,51,0,0,-1,,0.0,0.0,0.0,0.0,0.353,0.0,0,1.47,1.17x0.96x0.70
move_kettle,s101,4440,4578,Move kettle from desk to table,,138,4.6,left,113,0,7,27,20,0.389,2.225,2.538,1.86,1.37,0.928,61,0.46,0.19x0.16x0.14
move_kettle,s103,200,330,Move kettle from desk to table,,130,4.33,right,0,116,6,30,24,0.335,1.674,2.218,1.47,0.932,0.654,63,0.31,0.19x0.16x0.14
turn_gasstove,s103,1500,1545,Turn on gas stove,,45,1.5,right,0,38,6,-1,,0.0,0.0,0.0,0.0,0.102,0.0,0,1.08,1.17x0.96x0.70
turn_gasstove,s103,3071,3150,Turn off gas stove,,79,2.63,left,57,0,9,-1,,0.0,0.0,0.0,0.0,0.434,0.0,0,1.25,1.17x0.96x0.70
turn_gasstove,s104,4530,4620,Turn on gas stove,,90,3.0,right,0,83,0,-1,,0.0,0.0,0.0,0.0,0.077,0.0,0,0.86,1.17x0.96x0.70
turn_gasstove,s105,570,690,Turn off gas stove,,120,4.0,right,0,65,21,-1,,0.0,0.0,0.0,0.0,0.393,0.0,0,1.3,1.17x0.96x0.70
drink_cup,s105,2070,2280,Drink from cup,,210,7.0,left,204,0,0,16,16,0.224,0.336,1.05,0.54,0.106,0.055,142,0.59,0.14x0.13x0.12
turn_gasstove,s107,120,210,Turn on gas stove,,90,3.0,right,0,59,27,-1,,0.0,0.0,0.0,0.0,0.09,0.0,0,0.91,1.17x0.96x0.70
turn_gasstove,s107,1178,1260,Turn on gas stove,,82,2.73,right,0,48,9,-1,,0.0,0.0,0.0,0.0,0.334,0.0,0,0.82,1.17x0.96x0.70
drink_cup,s107,1824,2070,Drink from cup,,246,8.2,right,0,240,0,41,41,0.336,0.013,1.202,0.59,0.125,0.046,139,0.25,0.14x0.13x0.12
turn_gasstove,s108,1485,1549,Turn on gas stove,,64,2.13,right,0,56,1,-1,,0.0,0.0,0.0,0.0,0.17,0.0,0,1.08,1.17x0.96x0.70
turn_gasstove,s108,2329,2400,Turn off gas stove,,71,2.37,right,0,44,7,-1,,0.0,0.0,0.0,0.0,0.197,0.0,0,0.7,1.17x0.96x0.70
move_kettle,s108,3750,3840,Move kettle from desk to table,,90,3.0,right,0,84,0,9,9,0.032,0.932,1.13,1.57,0.341,0.025,3,0.59,0.19x0.16x0.14
drink_cup,s109,600,857,Drink from cup,,257,8.57,right,0,218,32,93,61,0.289,0.682,1.542,0.88,0.248,0.118,113,0.48,0.14x0.13x0.12
move_kettle,s110,215,360,Move kettle from table to desk,,145,4.83,right,0,124,11,32,21,0.276,1.968,2.175,1.18,1.461,1.174,69,0.57,0.19x0.16x0.14
drink_cup,s110,3030,3210,Drink from cup,,180,6.0,right,0,164,3,27,24,0.715,0.032,1.801,1.25,0.509,0.183,93,0.27,0.14x0.13x0.12
turn_gasstove,s110,4566,4620,Turn on gas stove,,54,1.8,right,0,47,0,-1,,0.0,0.0,0.0,0.0,0.194,0.0,0,0.77,1.17x0.96x0.70
turn_gasstove,s110,5910,5990,Turn on gas stove,,80,2.67,right,0,60,5,-1,,0.0,0.0,0.0,0.0,0.137,0.0,0,1.39,1.17x0.96x0.70
turn_gasstove,s111,2910,3090,Turn on gas stove,,180,6.0,right,0,166,7,-1,,0.0,0.0,0.0,0.0,0.086,0.0,0,1.65,1.17x0.96x0.70
turn_gasstove,s112,795,895,Turn off gas stove,,100,3.33,right,0,94,0,-1,,0.0,0.0,0.0,0.0,0.152,0.0,0,1.37,1.17x0.96x0.70
drink_cup,s112,5353,5570,Drink from cup,,217,7.23,both,156,217,0,29,29,0.377,0.036,0.867,0.49,0.084,0.052,134,0.14,0.14x0.13x0.12
drink_cup,s113,701,900,Drink from cup,,199,6.63,right,0,193,0,21,21,0.718,0.035,1.672,1.25,0.131,0.084,138,0.29,0.14x0.13x0.12
turn_gasstove,s114,1396,1560,Turn on gas stove,,164,5.47,left,105,0,30,-1,,0.0,0.0,0.0,0.0,0.601,0.0,0,1.36,1.17x0.96x0.70
turn_gasstove,s114,2550,2670,Turn off gas stove,,120,4.0,right,0,77,27,-1,,0.0,0.0,0.0,0.0,0.379,0.0,0,1.59,1.17x0.96x0.70
move_kettle,s115,240,600,Move kettle from table to desk,,360,12.0,right,0,240,46,71,25,0.267,1.558,2.964,1.22,2.264,1.692,190,0.22,0.19x0.16x0.14
drink_cup,s115,2310,2580,Drink from cup,,270,9.0,right,0,200,41,68,27,0.333,0.777,2.157,1.17,0.267,0.109,147,0.41,0.14x0.13x0.12
turn_gasstove,s116,150,210,Turn on gas stove,,60,2.0,left,35,0,13,-1,,0.0,0.0,0.0,0.0,0.119,0.0,0,1.03,1.17x0.96x0.70
turn_gasstove,s116,1830,1950,Turn on gas stove,,120,4.0,left,58,0,27,-1,,0.0,0.0,0.0,0.0,0.661,0.0,0,1.38,1.17x0.96x0.70
turn_gasstove,s116,2430,2580,Turn off gas stove,,150,5.0,both,33,53,19,-1,,0.0,0.0,0.0,0.0,0.562,0.0,0,1.56,1.17x0.96x0.70
drink_cup,s117,1740,1950,Drink from cup,,210,7.0,right,0,172,12,31,19,0.329,0.148,1.235,0.79,0.129,0.052,131,0.33,0.14x0.13x0.12
turn_gasstove,s117,3450,3510,Turn on gas stove,,60,2.0,left,32,0,10,-1,,0.0,0.0,0.0,0.0,0.049,0.0,0,1.89,1.17x0.96x0.70
turn_gasstove,s117,4230,4290,Turn off gas stove,,60,2.0,right,0,39,5,-1,,0.0,0.0,0.0,0.0,0.211,0.0,0,1.38,1.17x0.96x0.70
drink_cup,s118,2370,2670,Drink from cup,,300,10.0,right,0,272,18,97,79,0.356,0.014,1.22,0.47,0.116,0.032,153,0.26,0.14x0.13x0.12
turn_gasstove,s118,4470,4620,Turn on gas stove,,150,5.0,right,0,98,43,-1,,0.0,0.0,0.0,0.0,0.383,0.0,0,0.98,1.17x0.96x0.70
turn_gasstove,s119,2370,2490,Turn on gas stove,,120,4.0,right,0,49,28,-1,,0.0,0.0,0.0,0.0,0.616,0.0,0,1.59,1.17x0.96x0.70
turn_gasstove,s119,2580,2760,Turn on gas stove,,180,6.0,left,121,0,29,-1,,0.0,0.0,0.0,0.0,0.604,0.0,0,0.9,1.17x0.96x0.70
turn_gasstove,s119,2910,3060,Turn off gas stove,,150,5.0,right,0,69,38,-1,,0.0,0.0,0.0,0.0,0.427,0.0,0,1.37,1.17x0.96x0.70
drink_cup,s119,3390,3780,Drink from cup,,390,13.0,right,0,324,51,86,35,0.736,0.027,2.657,1.1,1.787,0.566,217,0.36,0.14x0.13x0.12
move_kettle,s120,150,420,Move kettle from table to desk,,270,9.0,right,0,215,55,85,30,0.269,2.026,2.99,0.81,2.8,1.959,163,0.26,0.19x0.16x0.14
drink_cup,s120,1860,2130,Drink from cup,,270,9.0,left,240,0,13,82,69,0.341,0.026,1.517,0.64,0.164,0.034,138,0.39,0.14x0.13x0.12
turn_gasstove,s120,4230,4320,Turn on gas stove,,90,3.0,right,0,70,18,-1,,0.0,0.0,0.0,0.0,0.43,0.0,0,1.13,1.17x0.96x0.70
turn_gasstove,s121,2790,2910,Turn on gas stove,,120,4.0,right,0,95,14,-1,,0.0,0.0,0.0,0.0,0.571,0.0,0,0.94,1.17x0.96x0.70
turn_gasstove,s121,4290,4410,Turn on gas stove,,120,4.0,left,112,0,2,-1,,0.0,0.0,0.0,0.0,0.192,0.0,0,0.95,1.17x0.96x0.70
turn_gasstove,s122,120,194,Turn on gas stove,,74,2.47,left,72,5,0,-1,,0.0,0.0,0.0,0.0,0.097,0.0,0,0.76,1.17x0.96x0.70
turn_gasstove,s122,194,270,Turn on gas stove,,76,2.53,right,0,65,0,-1,,0.0,0.0,0.0,0.0,0.032,0.0,0,0.94,1.17x0.96x0.70
drink_cup,s122,2280,2475,Drink from cup,,195,6.5,right,0,175,18,51,33,0.334,0.032,1.455,0.71,0.131,0.041,111,0.37,0.14x0.13x0.12
turn_gasstove,s123,2160,2340,Turn on gas stove,,180,6.0,both,31,91,37,-1,,0.0,0.0,0.0,0.0,0.457,0.0,0,1.74,1.17x0.96x0.70
move_kettle,s123,4500,4710,Move kettle from table to desk,,210,7.0,both,138,107,43,62,19,0.373,1.585,1.968,1.52,1.96,0.757,62,0.22,0.19x0.16x0.14
drink_cup,s124,1620,1890,Drink from cup,,270,9.0,both,210,210,27,58,31,0.388,0.043,1.388,0.52,0.177,0.077,145,0.26,0.14x0.13x0.12
move_kettle,s125,240,450,Move kettle from table to desk,,210,7.0,both,127,131,32,51,19,0.28,1.665,2.1,1.25,2.096,1.214,83,0.27,0.19x0.16x0.14
drink_cup,s125,1590,1770,Drink from cup,,180,6.0,both,64,152,7,25,18,0.731,0.056,1.865,0.9,0.356,0.191,110,0.18,0.14x0.13x0.12
turn_gasstove,s125,4680,4800,Turn on gas stove,,120,4.0,right,0,69,5,-1,,0.0,0.0,0.0,0.0,0.332,0.0,0,1.26,1.17x0.96x0.70
turn_gasstove,s126,1650,1770,Turn on gas stove,,120,4.0,right,0,40,31,-1,,0.0,0.0,0.0,0.0,0.771,0.0,0,2.04,1.17x0.96x0.70
turn_gasstove,s127,1230,1290,Turn on gas stove,,60,2.0,right,0,17,43,-1,,0.0,0.0,0.0,0.0,0.424,0.0,0,1.94,1.17x0.96x0.70
turn_gasstove,s127,2790,2880,Turn on gas stove,,90,3.0,right,0,31,59,-1,,0.0,0.0,0.0,0.0,0.274,0.0,0,2.15,1.17x0.96x0.70
drink_cup,s128,1200,1380,Drink from cup,,180,6.0,both,119,115,23,36,13,0.443,0.107,1.458,1.0,0.176,0.077,83,0.27,0.14x0.13x0.12
drink_cup,s129,1350,1560,Drink from cup,,210,7.0,both,105,148,12,32,20,0.427,0.092,1.642,0.72,0.133,0.094,129,0.21,0.14x0.13x0.12
turn_gasstove,s129,2760,2850,Turn on gas stove,,90,3.0,right,0,42,38,-1,,0.0,0.0,0.0,0.0,0.149,0.0,0,1.68,1.17x0.96x0.70
move_kettle,s130,120,270,Move kettle from table to desk,,150,5.0,left,101,0,35,57,22,0.351,1.74,2.032,1.77,1.288,0.659,52,0.39,0.19x0.16x0.14
turn_gasstove,s130,3270,3420,Turn on gas stove,,150,5.0,right,0,111,20,-1,,0.0,0.0,0.0,0.0,0.406,0.0,0,1.22,1.17x0.96x0.70
turn_gasstove,s131,1260,1380,Turn off gas stove,,120,4.0,right,0,64,27,-1,,0.0,0.0,0.0,0.0,0.668,0.0,0,0.89,1.17x0.96x0.70
drink_cup,s131,3240,3510,Drink from cup,,270,9.0,right,0,221,19,49,30,0.364,0.177,1.455,1.04,0.452,0.117,143,0.25,0.14x0.13x0.12
move_kettle,s132,1230,1380,Move kettle from desk to table,,150,5.0,left,110,0,31,62,31,0.386,1.329,1.807,1.55,1.261,0.554,53,0.31,0.19x0.16x0.14
drink_cup,s132,2010,2235,Drink from cup,,225,7.5,left,204,0,21,46,25,0.318,0.043,1.543,0.91,0.121,0.077,154,0.26,0.14x0.13x0.12
turn_gasstove,s133,766,1050,Turn on gas stove,,284,9.47,right,0,191,20,-1,,0.0,0.0,0.0,0.0,0.733,0.0,0,1.08,1.17x0.96x0.70
turn_gasstove,s133,2670,2760,Turn on gas stove,,90,3.0,left,65,0,1,-1,,0.0,0.0,0.0,0.0,0.073,0.0,0,1.22,1.17x0.96x0.70
turn_gasstove,s133,3840,3930,Turn off gas stove,,90,3.0,right,0,52,18,-1,,0.0,0.0,0.0,0.0,0.438,0.0,0,0.97,1.17x0.96x0.70
move_kettle,s134,150,360,Move kettle from desk to table,,210,7.0,right,0,123,59,102,43,0.451,1.941,2.382,2.19,1.437,0.62,50,0.25,0.19x0.16x0.14
turn_gasstove,s134,2310,2370,Turn on gas stove,,60,2.0,left,34,0,0,-1,,0.0,0.0,0.0,0.0,0.301,0.0,0,0.98,1.17x0.96x0.70
turn_gasstove,s134,4080,4170,Turn on gas stove,,90,3.0,right,0,74,6,-1,,0.0,0.0,0.0,0.0,0.355,0.0,0,1.07,1.17x0.96x0.70
turn_gasstove,s134,4500,4560,Turn off gas stove,,60,2.0,right,0,49,1,-1,,0.0,0.0,0.0,0.0,0.314,0.0,0,0.78,1.17x0.96x0.70
turn_gasstove,s134,4560,4650,Turn off gas stove,,90,3.0,right,0,32,11,-1,,0.0,0.0,0.0,0.0,0.414,0.0,0,0.88,1.17x0.96x0.70
drink_cup,s135,3120,3270,Drink from cup,,150,5.0,right,0,147,0,34,34,0.346,0.054,1.142,0.89,0.112,0.031,90,0.21,0.14x0.13x0.12
move_kettle,s136,570,720,Move kettle from table to desk,,150,5.0,left,98,0,18,40,22,0.351,2.049,2.371,2.38,1.256,0.674,55,0.36,0.19x0.16x0.14
move_kettle,s137,1140,1290,Move kettle from desk to table,,150,5.0,right,0,121,11,31,20,0.433,1.804,2.281,1.56,1.203,0.766,71,0.28,0.19x0.16x0.14
turn_gasstove,s137,3090,3330,Turn on gas stove,,240,8.0,right,0,122,24,-1,,0.0,0.0,0.0,0.0,0.72,0.0,0,1.77,1.17x0.96x0.70
turn_gasstove,s138,510,690,Turn on gas stove,,180,6.0,right,0,103,49,-1,,0.0,0.0,0.0,0.0,0.542,0.0,0,1.42,1.17x0.96x0.70
drink_cup,s138,2670,2850,Drink from cup,,180,6.0,both,152,35,26,71,45,0.365,0.283,1.08,0.61,0.105,0.043,109,0.29,0.14x0.13x0.12
move_kettle,s139,471,690,Move kettle from table to desk,,219,7.3,left,194,0,25,97,72,0.425,1.906,2.657,0.94,1.448,1.334,122,0.25,0.19x0.16x0.14
drink_cup,s139,1110,1350,Drink from cup,,240,8.0,right,0,195,44,69,25,0.793,0.089,2.098,1.03,1.116,0.203,171,0.19,0.14x0.13x0.12
turn_gasstove,s139,3827,3930,Turn on gas stove,,103,3.43,right,0,80,21,-1,,0.0,0.0,0.0,0.0,0.096,0.0,0,2.05,1.17x0.96x0.70
turn_gasstove,s140,1020,1110,Turn on gas stove,,90,3.0,right,0,81,9,-1,,0.0,0.0,0.0,0.0,0.143,0.0,0,1.57,1.17x0.96x0.70
turn_gasstove,s141,2340,2430,Turn on gas stove,,90,3.0,right,0,85,3,-1,,0.0,0.0,0.0,0.0,0.057,0.0,0,1.88,1.17x0.96x0.70
turn_gasstove,s141,4170,4290,Turn off gas stove,,120,4.0,right,0,107,0,-1,,0.0,0.0,0.0,0.0,0.274,0.0,0,1.7,1.17x0.96x0.70
move_kettle,s142,750,900,Move kettle from table to desk,,150,5.0,left,137,0,13,47,34,0.514,2.046,2.568,1.81,0.897,0.657,63,0.21,0.19x0.16x0.14
drink_cup,s142,3150,3330,Drink from cup,,180,6.0,right,0,168,12,47,35,0.466,0.056,1.355,0.65,0.126,0.058,127,0.32,0.14x0.13x0.12
move_kettle,s143,180,360,Move kettle from table to desk,,180,6.0,both,160,97,17,49,32,0.389,1.718,2.241,1.58,1.228,0.872,98,0.17,0.19x0.16x0.14
turn_gasstove,s143,3030,3120,Turn on gas stove,,90,3.0,right,0,71,19,-1,,0.0,0.0,0.0,0.0,0.234,0.0,0,1.02,1.17x0.96x0.70
turn_gasstove,s143,3690,3780,Turn off gas stove,,90,3.0,right,0,73,17,-1,,0.0,0.0,0.0,0.0,0.187,0.0,0,1.57,1.17x0.96x0.70
drink_cup,s144,990,1140,Drink from cup,,150,5.0,right,0,144,6,33,27,0.465,0.04,1.184,0.7,0.047,0.036,117,0.21,0.14x0.13x0.12
move_kettle,s145,1950,2160,Move kettle from table to desk,,210,7.0,left,206,0,4,87,83,0.29,1.629,1.975,1.13,0.971,0.693,78,0.36,0.19x0.16x0.14
turn_gasstove,s146,180,300,Turn on gas stove,,120,4.0,right,0,87,30,-1,,0.0,0.0,0.0,0.0,0.358,0.0,0,1.64,1.17x0.96x0.70
turn_gasstove,s146,1410,1543,Turn on gas stove,,133,4.43,left,116,0,9,-1,,0.0,0.0,0.0,0.0,0.081,0.0,0,1.58,1.17x0.96x0.70
turn_gasstove,s146,2250,2310,Turn off gas stove,,60,2.0,right,0,48,12,-1,,0.0,0.0,0.0,0.0,0.048,0.0,0,1.21,1.17x0.96x0.70
drink_cup,s147,1578,1710,Drink from cup,,132,4.4,right,0,132,0,31,31,0.707,0.108,1.516,0.98,0.14,0.099,101,0.46,0.14x0.13x0.12
move_kettle,s148,570,701,Move kettle from desk to table,,131,4.37,left,129,0,2,46,44,0.352,1.882,2.214,1.4,0.762,0.641,66,0.16,0.19x0.16x0.14
place_book,s148,2070,2190,Move book from bookshelf to table,,120,4.0,both,37,85,35,57,22,0.224,1.093,1.324,0.98,1.463,0.404,63,0.3,0.32x0.29x0.13
drink_cup,s148,2400,2580,Drink from cup,,180,6.0,left,156,0,5,35,30,0.401,0.088,1.163,0.76,0.092,0.05,86,0.18,0.14x0.13x0.12
turn_gasstove,s148,4517,4680,Turn on gas stove,,163,5.43,right,0,116,15,-1,,0.0,0.0,0.0,0.0,0.068,0.0,0,0.63,1.17x0.96x0.70
turn_gasstove,s149,1363,1440,Turn off gas stove,,77,2.57,right,0,63,12,-1,,0.0,0.0,0.0,0.0,0.206,0.0,0,0.82,1.17x0.96x0.70
place_book,s149,3810,3930,Move book from table to bookshelf,,120,4.0,both,112,33,1,17,16,0.363,1.166,1.365,1.07,0.191,0.117,96,0.27,0.32x0.29x0.13
drink_cup,s150,1020,1190,Drink from cup,,170,5.67,right,0,160,10,39,29,0.456,0.117,1.381,0.86,0.111,0.062,106,0.16,0.14x0.13x0.12
place_book,s150,4470,4680,Move book from bookshelf to table,,210,7.0,left,204,0,0,22,22,0.221,1.884,3.112,1.5,1.521,1.056,79,0.3,0.32x0.29x0.13
turn_gasstove,s151,1800,1830,Turn on gas stove,,30,1.0,right,0,26,4,-1,,0.0,0.0,0.0,0.0,0.028,0.0,0,0.94,1.17x0.96x0.70
turn_gasstove,s151,3960,4020,Turn off gas stove,,60,2.0,right,0,49,0,-1,,0.0,0.0,0.0,0.0,0.077,0.0,0,0.87,1.17x0.96x0.70
place_book,s151,4368,4560,Move book from desk to bookshelf,,192,6.4,both,181,29,5,22,17,0.459,1.856,2.627,1.14,1.587,1.455,165,0.39,0.32x0.29x0.13
turn_gasstove,s152,1854,1950,Turn on gas stove,,96,3.2,both,17,71,0,-1,,0.0,0.0,0.0,0.0,0.076,0.0,0,1.4,1.17x0.96x0.70
turn_gasstove,s152,2970,3039,Turn off gas stove,,69,2.3,right,0,48,13,-1,,0.0,0.0,0.0,0.0,0.107,0.0,0,1.17,1.17x0.96x0.70
move_kettle,s152,4320,4500,Move kettle from table to desk,,180,6.0,left,168,0,12,56,44,0.3,1.357,1.709,1.18,1.033,0.7,75,0.2,0.19x0.16x0.14
drink_cup,s153,464,600,Drink from cup,,136,4.53,right,0,132,4,38,34,0.345,0.025,0.939,0.68,0.055,0.035,80,0.22,0.14x0.13x0.12
place_book,s153,1950,2130,Move book from bookshelf to table,,180,6.0,both,30,146,0,5,5,0.134,1.977,2.543,0.83,1.793,1.366,76,0.19,0.32x0.29x0.13
move_kettle,s154,1380,1539,Move kettle from desk to table,,159,5.3,right,0,136,0,22,22,0.283,2.066,2.532,1.22,1.686,1.347,87,0.16,0.19x0.16x0.14
drink_cup,s154,1980,2100,Drink from cup,,120,4.0,right,0,120,0,25,25,0.329,0.053,0.937,0.7,0.083,0.039,60,0.23,0.14x0.13x0.12
turn_gasstove,s155,120,210,Turn on gas stove,,90,3.0,right,0,53,13,-1,,0.0,0.0,0.0,0.0,0.444,0.0,0,1.62,1.17x0.96x0.70
turn_gasstove,s155,870,990,Turn off gas stove,,120,4.0,right,0,116,4,-1,,0.0,0.0,0.0,0.0,0.129,0.0,0,1.12,1.17x0.96x0.70
place_book,s155,1920,2070,Move book from bookshelf to table,,150,5.0,both,80,64,15,31,16,0.049,1.774,2.163,1.33,1.375,0.244,26,0.3,0.32x0.29x0.13
place_book,s156,2070,2370,Move book from desk to bookshelf,,300,10.0,both,282,43,18,47,29,0.447,2.041,3.757,1.21,2.104,2.016,249,0.28,0.32x0.29x0.13
drink_cup,s157,420,570,Drink from cup,,150,5.0,left,143,0,5,37,32,0.694,0.058,1.605,1.2,0.356,0.079,79,0.19,0.14x0.13x0.12
move_kettle,s158,1230,1440,Move kettle from table to desk,,210,7.0,right,0,193,0,28,28,0.289,2.076,2.922,0.91,2.455,2.264,120,0.26,0.19x0.16x0.14
drink_cup,s158,2040,2280,Drink from cup,,240,8.0,right,0,238,2,37,35,0.367,0.174,0.938,0.34,0.154,0.14,203,0.16,0.14x0.13x0.12
turn_gasstove,s158,4920,5080,Turn on gas stove,,160,5.33,right,0,101,43,-1,,0.0,0.0,0.0,0.0,0.245,0.0,0,1.7,1.17x0.96x0.70
turn_gasstove,s159,840,900,Turn on gas stove,,60,2.0,right,0,60,0,-1,,0.0,0.0,0.0,0.0,0.072,0.0,0,0.73,1.17x0.96x0.70
turn_gasstove,s159,1560,1740,Turn off gas stove,,180,6.0,right,0,104,47,-1,,0.0,0.0,0.0,0.0,0.556,0.0,0,1.16,1.17x0.96x0.70
turn_gasstove,s160,4200,4290,Turn on gas stove,,90,3.0,right,0,68,5,-1,,0.0,0.0,0.0,0.0,0.171,0.0,0,1.36,1.17x0.96x0.70
place_book,s161,2010,2220,Move book from bookshelf to table,,210,7.0,both,178,69,32,64,32,0.163,1.795,2.967,1.28,2.107,0.849,80,0.33,0.32x0.29x0.13
drink_cup,s161,2380,2610,Drink from cup,,230,7.67,right,0,220,9,40,31,0.774,0.632,2.356,0.89,1.006,0.479,190,0.2,0.14x0.13x0.12
turn_gasstove,s162,720,810,Turn on gas stove,,90,3.0,right,0,60,14,-1,,0.0,0.0,0.0,0.0,0.352,0.0,0,1.25,1.17x0.96x0.70
turn_gasstove,s162,1680,1770,Turn off gas stove,,90,3.0,right,0,50,32,-1,,0.0,0.0,0.0,0.0,0.306,0.0,0,1.26,1.17x0.96x0.70
move_kettle,s163,150,330,Move kettle from table to desk,,180,6.0,right,0,132,42,75,33,0.341,1.815,2.134,1.22,1.381,0.922,68,0.28,0.19x0.16x0.14
place_book,s163,1890,2070,Move book from bookshelf to table,,180,6.0,both,160,71,19,65,46,0.124,1.595,2.033,0.77,1.524,0.451,56,0.38,0.32x0.29x0.13
drink_cup,s163,2130,2310,Drink from cup,,180,6.0,left,159,0,21,64,43,0.366,0.284,0.998,0.51,0.218,0.065,116,0.25,0.14x0.13x0.12
move_kettle,s164,1860,2040,Move kettle from table to desk,,180,6.0,right,0,165,4,36,32,0.212,1.742,2.35,0.95,1.946,1.637,103,0.26,0.19x0.16x0.14
drink_cup,s164,2550,2730,Drink from cup,,180,6.0,left,180,0,0,20,20,0.391,0.083,0.911,0.5,0.067,0.055,160,0.78,0.14x0.13x0.12
turn_gasstove,s165,1170,1380,Turn on gas stove,,210,7.0,right,0,172,8,-1,,0.0,0.0,0.0,0.0,0.136,0.0,0,2.09,1.17x0.96x0.70
turn_gasstove,s165,2250,2370,Turn off gas stove,,120,4.0,right,0,69,16,-1,,0.0,0.0,0.0,0.0,0.296,0.0,0,1.86,1.17x0.96x0.70
place_book,s165,3420,3570,Move book from bookshelf to table,,150,5.0,both,79,71,8,47,39,0.237,1.485,2.018,1.17,0.852,0.252,41,0.27,0.32x0.29x0.13
turn_gasstove,s166,660,810,Turn on gas stove,,150,5.0,right,0,74,28,-1,,0.0,0.0,0.0,0.0,0.094,0.0,0,2.1,1.17x0.96x0.70
turn_gasstove,s166,2610,2700,Turn off gas stove,,90,3.0,right,0,63,7,-1,,0.0,0.0,0.0,0.0,0.197,0.0,0,1.96,1.17x0.96x0.70
place_book,s166,3090,3300,Move book from desk to bookshelf,,210,7.0,both,193,56,8,29,21,0.281,1.534,2.016,1.07,1.484,1.063,172,0.49,0.32x0.29x0.13
drink_cup,s166,3540,3750,Drink from cup,,210,7.0,left,186,0,24,84,60,0.38,0.384,0.757,0.51,0.082,0.033,126,0.17,0.14x0.13x0.12
drink_cup,s167,2460,2610,Drink from cup,,150,5.0,both,150,141,0,11,11,0.284,0.079,0.61,0.43,0.046,0.039,139,0.28,0.14x0.13x0.12
place_book,s167,2790,2940,Move book from bookshelf to table,,150,5.0,both,127,55,23,76,53,0.114,1.318,1.58,0.8,1.307,0.272,38,0.28,0.32x0.29x0.13
place_book,s167,3510,3780,Move book from table to bookshelf,,270,9.0,both,85,137,0,17,17,0.291,1.343,2.258,1.3,0.783,0.556,142,0.48,0.32x0.29x0.13
turn_gasstove,s168,840,930,Turn on gas stove,,90,3.0,right,0,53,31,-1,,0.0,0.0,0.0,0.0,0.228,0.0,0,1.94,1.17x0.96x0.70
turn_gasstove,s168,2400,2460,Turn off gas stove,,60,2.0,right,0,55,2,-1,,0.0,0.0,0.0,0.0,0.053,0.0,0,1.63,1.17x0.96x0.70
turn_gasstove,s169,3930,4020,Turn on gas stove,,90,3.0,right,0,76,12,-1,,0.0,0.0,0.0,0.0,0.081,0.0,0,1.29,1.17x0.96x0.70
move_kettle,s170,390,630,Move kettle from desk to table,,240,8.0,left,222,0,18,55,37,0.315,1.933,2.825,0.93,2.718,2.357,144,0.33,0.19x0.16x0.14
drink_cup,s170,2280,2460,Drink from cup,,180,6.0,left,161,0,19,57,38,0.908,0.851,1.117,0.82,0.531,0.087,123,0.23,0.14x0.13x0.12
place_book,s170,3630,3960,Move book from bookshelf to table,,330,11.0,both,269,78,37,69,32,0.229,1.947,3.093,0.96,2.785,1.602,189,0.46,0.32x0.29x0.13
turn_gasstove,s171,2850,3030,Turn on gas stove,,180,6.0,both,36,170,4,-1,,0.0,0.0,0.0,0.0,0.193,0.0,0,1.29,1.17x0.96x0.70
turn_gasstove,s171,4170,4320,Turn off gas stove,,150,5.0,right,0,129,4,-1,,0.0,0.0,0.0,0.0,0.289,0.0,0,1.14,1.17x0.96x0.70
turn_gasstove,s172,2850,2940,Turn on gas stove,,90,3.0,right,0,71,2,-1,,0.0,0.0,0.0,0.0,0.162,0.0,0,1.09,1.17x0.96x0.70
turn_gasstove,s172,4530,4620,Turn off gas stove,,90,3.0,right,0,79,1,-1,,0.0,0.0,0.0,0.0,0.501,0.0,0,0.82,1.17x0.96x0.70
drink_cup,s172,5400,5490,Drink from cup,,90,3.0,both,90,73,0,4,4,0.422,0.222,0.765,0.92,0.07,0.068,86,0.25,0.14x0.13x0.12
move_kettle,s173,210,420,Move kettle from table to desk,,210,7.0,right,0,166,44,75,31,0.309,1.965,2.378,1.22,1.896,1.493,92,0.22,0.19x0.16x0.14
drink_cup,s173,1950,2040,Drink from cup,,90,3.0,left,90,0,0,34,34,0.389,0.422,0.529,0.55,0.048,0.024,56,0.14,0.14x0.13x0.12
turn_gasstove,s174,720,870,Turn on gas stove,,150,5.0,right,0,107,7,-1,,0.0,0.0,0.0,0.0,0.186,0.0,0,1.67,1.17x0.96x0.70
turn_gasstove,s174,2550,2640,Turn off gas stove,,90,3.0,right,0,60,14,-1,,0.0,0.0,0.0,0.0,0.175,0.0,0,1.55,1.17x0.96x0.70
place_book,s174,3450,3570,Move book from bookshelf to table,,120,4.0,both,42,84,32,98,66,0.138,1.203,1.521,0.96,1.486,0.363,22,0.31,0.32x0.29x0.13
move_kettle,s175,900,1050,Move kettle from desk to table,,150,5.0,left,113,0,20,42,22,0.32,2.086,2.527,1.6,1.982,0.973,66,0.24,0.19x0.16x0.14
turn_gasstove,s175,2850,2970,Turn on gas stove,,120,4.0,right,0,101,8,-1,,0.0,0.0,0.0,0.0,0.078,0.0,0,1.74,1.17x0.96x0.70
turn_gasstove,s175,3810,3870,Turn off gas stove,,60,2.0,right,0,39,21,-1,,0.0,0.0,0.0,0.0,0.636,0.0,0,1.05,1.17x0.96x0.70
turn_gasstove,s176,2790,2850,Turn on gas stove,,60,2.0,right,0,36,13,-1,,0.0,0.0,0.0,0.0,0.351,0.0,0,1.79,1.17x0.96x0.70
place_book,s177,780,900,Move book from bookshelf to table,,120,4.0,both,57,58,8,24,16,0.097,2.137,2.807,1.79,1.247,0.255,18,0.31,0.32x0.29x0.13
drink_cup,s177,1252,1410,Drink from cup,,158,5.27,right,0,148,0,21,21,0.37,0.015,1.478,0.74,0.08,0.042,104,0.22,0.14x0.13x0.12
place_book,s177,2670,2790,Move book from desk to bookshelf,,120,4.0,both,92,40,0,20,20,0.039,1.475,1.711,1.55,0.602,0.056,6,0.22,0.32x0.29x0.13
turn_gasstove,s178,2340,2439,Turn on gas stove,,99,3.3,right,0,34,46,-1,,0.0,0.0,0.0,0.0,0.328,0.0,0,1.63,1.17x0.96x0.70
turn_gasstove,s178,3600,3660,Turn on gas stove,,60,2.0,right,0,31,12,-1,,0.0,0.0,0.0,0.0,0.157,0.0,0,1.4,1.17x0.96x0.70
turn_gasstove,s178,4110,4230,Turn off gas stove,,120,4.0,both,62,29,15,-1,,0.0,0.0,0.0,0.0,0.638,0.0,0,1.61,1.17x0.96x0.70
drink_cup,s179,960,1110,Drink from cup,,150,5.0,right,0,149,1,21,20,0.699,0.497,2.048,1.04,0.553,0.391,129,0.21,0.14x0.13x0.12
place_book,s179,1260,1380,Move book from bookshelf to table,,120,4.0,left,87,0,25,69,44,0.106,1.627,2.073,1.75,1.078,0.109,15,0.38,0.32x0.29x0.13
move_kettle,s180,300,570,Move kettle from table to desk,,270,9.0,right,0,212,34,79,45,0.299,1.713,2.397,0.92,2.729,1.553,110,0.3,0.19x0.16x0.14
place_book,s180,2640,2760,Move book from bookshelf to table,,120,4.0,both,74,59,18,45,27,0.14,1.228,1.437,0.84,1.516,0.54,67,0.32,0.32x0.29x0.13
drink_cup,s180,4384,4620,Drink from cup,,236,7.87,right,0,206,30,52,22,0.374,0.05,1.381,0.72,0.161,0.051,136,0.83,0.14x0.13x0.12
turn_gasstove,s181,2070,2250,Turn on gas stove,,180,6.0,right,0,117,56,-1,,0.0,0.0,0.0,0.0,0.168,0.0,0,1.15,1.17x0.96x0.70
turn_gasstove,s181,3210,3286,Turn off gas stove,,76,2.53,right,0,50,22,-1,,0.0,0.0,0.0,0.0,0.242,0.0,0,1.42,1.17x0.96x0.70
move_kettle,s182,339,510,Move kettle from table to desk,,171,5.7,left,135,0,17,38,21,0.332,1.556,1.996,1.05,1.672,1.08,76,0.56,0.19x0.16x0.14
turn_gasstove,s183,150,240,Turn on gas stove,,90,3.0,right,0,50,26,-1,,0.0,0.0,0.0,0.0,0.23,0.0,0,1.5,1.17x0.96x0.70
turn_gasstove,s183,2040,2100,Turn off gas stove,,60,2.0,right,0,49,6,-1,,0.0,0.0,0.0,0.0,0.132,0.0,0,1.07,1.17x0.96x0.70
place_book,s183,2790,2880,Move book from bookshelf to table,,90,3.0,both,87,33,3,24,21,0.105,0.964,1.144,0.64,0.89,0.726,66,0.23,0.32x0.29x0.13
drink_cup,s183,3330,3510,Drink from cup,,180,6.0,left,160,0,20,54,34,0.626,1.096,1.821,0.92,1.039,0.569,126,0.35,0.14x0.13x0.12
turn_gasstove,s184,2040,2100,Turn on gas stove,,60,2.0,right,0,44,13,-1,,0.0,0.0,0.0,0.0,0.12,0.0,0,1.22,1.17x0.96x0.70
turn_gasstove,s184,2880,2940,Turn off gas stove,,60,2.0,right,0,46,14,-1,,0.0,0.0,0.0,0.0,0.293,0.0,0,1.61,1.17x0.96x0.70
move_kettle,s184,3870,4050,Move kettle from desk to table,,180,6.0,left,145,0,28,55,27,0.179,1.389,1.637,1.1,1.579,0.718,68,0.28,0.19x0.16x0.14
drink_cup,s184,4200,4320,Drink from cup,,120,4.0,right,0,120,0,53,53,0.431,0.444,1.039,1.0,0.114,0.039,67,0.69,0.14x0.13x0.12
place_book,s185,990,1290,Move book from bookshelf to table,,300,10.0,both,146,172,15,72,57,0.089,1.615,2.995,1.14,1.827,1.095,120,0.25,0.32x0.29x0.13
move_kettle,s186,240,480,Move kettle from table to desk,,240,8.0,left,171,0,51,79,28,0.341,2.145,2.727,1.15,2.419,1.367,94,0.25,0.19x0.16x0.14
turn_gasstove,s186,2310,2370,Turn on gas stove,,60,2.0,right,0,48,7,-1,,0.0,0.0,0.0,0.0,0.068,0.0,0,1.22,1.17x0.96x0.70
turn_gasstove,s186,3810,3900,Turn off gas stove,,90,3.0,right,0,53,27,-1,,0.0,0.0,0.0,0.0,0.087,0.0,0,0.81,1.17x0.96x0.70
move_kettle,s187,180,390,Move kettle from table to desk,,210,7.0,right,0,160,39,92,53,0.373,1.784,2.281,1.41,1.959,1.224,72,0.29,0.19x0.16x0.14
turn_gasstove,s187,3120,3210,Turn on gas stove,,90,3.0,left,57,0,33,-1,,0.0,0.0,0.0,0.0,0.136,0.0,0,2.23,1.17x0.96x0.70
turn_gasstove,s187,4140,4230,Turn off gas stove,,90,3.0,right,0,69,21,-1,,0.0,0.0,0.0,0.0,0.54,0.0,0,1.92,1.17x0.96x0.70
drink_cup,s188,900,1110,Drink from cup,,210,7.0,right,0,188,14,41,27,0.697,0.003,2.35,1.51,0.871,0.564,135,0.23,0.14x0.13x0.12
place_book,s188,2130,2220,Move book from bookshelf to table,,90,3.0,left,80,5,10,34,24,0.141,1.49,1.964,1.6,0.293,0.088,27,0.23,0.32x0.29x0.13
move_kettle,s189,1920,2010,Move kettle from table to desk,,90,3.0,right,0,90,0,34,34,0.235,1.494,1.689,1.21,1.678,1.169,56,0.35,0.19x0.16x0.14
place_book,s189,2610,2730,Move book from bookshelf to table,,120,4.0,both,89,11,31,68,37,0.203,1.292,1.556,1.3,0.242,0.063,39,0.27,0.32x0.29x0.13
turn_gasstove,s189,4080,4140,Turn on gas stove,,60,2.0,right,0,40,5,-1,,0.0,0.0,0.0,0.0,0.069,0.0,0,1.3,1.17x0.96x0.70
drink_cup,s190,1920,2100,Drink from cup,,180,6.0,right,0,180,0,55,55,0.493,0.04,1.282,0.73,0.053,0.026,97,0.88,0.14x0.13x0.12
move_kettle,s190,2340,2430,Move kettle from table to desk,,90,3.0,right,0,88,2,30,28,0.218,1.563,1.862,1.7,0.807,0.737,60,0.23,0.19x0.16x0.14
turn_gasstove,s190,4440,4500,Turn on gas stove,,60,2.0,right,0,52,0,-1,,0.0,0.0,0.0,0.0,0.144,0.0,0,1.26,1.17x0.96x0.70
turn_gasstove,s191,930,1020,Turn on gas stove,,90,3.0,left,52,0,23,-1,,0.0,0.0,0.0,0.0,0.443,0.0,0,1.17,1.17x0.96x0.70
turn_gasstove,s191,1500,1560,Turn off gas stove,,60,2.0,right,0,47,1,-1,,0.0,0.0,0.0,0.0,0.436,0.0,0,0.95,1.17x0.96x0.70
turn_gasstove,s191,1560,1620,Turn off gas stove,,60,2.0,right,0,38,0,-1,,0.0,0.0,0.0,0.0,0.498,0.0,0,0.92,1.17x0.96x0.70
place_book,s191,2610,2700,Move book from bookshelf to table,,90,3.0,both,57,13,31,51,20,0.143,1.101,1.344,1.43,1.227,0.194,26,0.4,0.32x0.29x0.13
drink_cup,s192,1560,1710,Drink from cup,,150,5.0,left,150,0,0,28,28,0.458,0.035,1.311,0.84,0.072,0.042,97,0.13,0.14x0.13x0.12
move_kettle,s192,2160,2250,Move kettle from table to desk,,90,3.0,left,90,0,0,25,25,0.409,1.55,1.896,1.33,1.021,0.963,65,0.53,0.19x0.16x0.14
turn_gasstove,s192,4110,4170,Turn on gas stove,,60,2.0,right,0,52,0,-1,,0.0,0.0,0.0,0.0,0.205,0.0,0,0.96,1.17x0.96x0.70
turn_gasstove,s193,1380,1470,Turn off gas stove,,90,3.0,right,0,48,23,-1,,0.0,0.0,0.0,0.0,0.05,0.0,0,1.0,1.17x0.96x0.70
place_book,s193,2520,2640,Move book from desk to bookshelf,,120,4.0,both,116,80,4,46,42,0.525,1.49,2.124,1.4,1.076,0.898,74,0.33,0.32x0.29x0.13
place_book,s193,2700,2790,Move book from desk to bookshelf,,90,3.0,left,85,0,0,-1,,0.004,1.076,1.162,0.99,1.026,0.0,0,0.35,0.32x0.29x0.13
place_book,s194,2910,2970,Move book from bookshelf to table,,60,2.0,both,60,17,0,51,51,0.064,1.25,1.363,1.25,0.694,0.164,9,0.42,0.32x0.29x0.13
drink_cup,s195,2940,3090,Drink from cup,,150,5.0,left,150,0,0,34,34,0.468,0.032,1.499,0.84,0.07,0.048,108,0.18,0.14x0.13x0.12
turn_gasstove,s195,5370,5430,Turn on gas stove,,60,2.0,right,0,43,0,-1,,0.0,0.0,0.0,0.0,0.045,0.0,0,1.27,1.17x0.96x0.70
turn_gasstove,s195,5460,5520,Turn off gas stove,,60,2.0,right,0,47,6,-1,,0.0,0.0,0.0,0.0,0.048,0.0,0,1.37,1.17x0.96x0.70
move_kettle,s196,810,960,Move kettle from table to desk,,150,5.0,right,0,150,0,28,28,0.381,1.76,2.184,1.14,1.511,1.277,97,0.14,0.19x0.16x0.14
drink_cup,s196,3060,3330,Drink from cup,,270,9.0,left,266,0,4,40,36,0.305,0.048,0.915,0.53,0.279,0.169,212,0.13,0.14x0.13x0.12
turn_gasstove,s197,720,810,Turn on gas stove,,90,3.0,right,0,80,0,-1,,0.0,0.0,0.0,0.0,0.06,0.0,0,0.86,1.17x0.96x0.70
turn_gasstove,s197,3060,3180,Turn off gas stove,,120,4.0,right,0,117,0,-1,,0.0,0.0,0.0,0.0,0.123,0.0,0,0.98,1.17x0.96x0.70
move_kettle,s198,270,390,Move kettle from table to desk,,120,4.0,left,120,0,0,30,30,0.406,2.248,2.537,1.38,0.945,0.818,85,0.23,0.19x0.16x0.14
place_book,s198,1740,1860,Move book from bookshelf to table,,120,4.0,both,65,67,11,33,22,0.233,1.937,2.21,1.27,1.017,0.838,78,0.22,0.32x0.29x0.13
turn_gasstove,s198,3870,3960,Turn on gas stove,,90,3.0,right,0,90,0,-1,,0.0,0.0,0.0,0.0,0.226,0.0,0,0.77,1.17x0.96x0.70
turn_gasstove,s199,1110,1200,Turn off gas stove,,90,3.0,right,0,61,16,-1,,0.0,0.0,0.0,0.0,0.495,0.0,0,1.19,1.17x0.96x0.70
place_book,s199,3390,3510,Move book from bookshelf to table,,120,4.0,both,102,39,17,37,20,0.184,1.428,1.873,1.08,0.472,0.034,40,0.37,0.32x0.29x0.13
turn_gasstove,s200,630,690,Turn on gas stove,,60,2.0,right,0,59,1,-1,,0.0,0.0,0.0,0.0,0.244,0.0,0,1.51,1.17x0.96x0.70
turn_gasstove,s200,2130,2220,Turn on gas stove,,90,3.0,right,0,76,9,-1,,0.0,0.0,0.0,0.0,0.455,0.0,0,0.88,1.17x0.96x0.70
turn_gasstove,s200,3480,3570,Turn off gas stove,,90,3.0,left,76,0,6,-1,,0.0,0.0,0.0,0.0,0.577,0.0,0,1.52,1.17x0.96x0.70
turn_gasstove,s200,3750,3810,Turn off gas stove,,60,2.0,right,0,60,0,-1,,0.0,0.0,0.0,0.0,0.082,0.0,0,0.95,1.17x0.96x0.70
drink_cup,s201,1110,1290,Drink from cup,,180,6.0,left,180,0,0,27,27,0.716,0.189,1.529,1.01,0.345,0.329,153,0.19,0.14x0.13x0.12
place_book,s201,3510,3720,Move book from desk to bookshelf,,210,7.0,both,160,98,0,40,40,0.461,2.053,2.985,1.3,1.631,1.334,149,0.41,0.32x0.29x0.13
move_kettle,s202,630,780,Move kettle from table to desk,,150,5.0,right,0,150,0,16,16,0.317,2.242,3.265,1.12,2.213,2.054,116,0.16,0.19x0.16x0.14
drink_cup,s202,2040,2250,Drink from cup,,210,7.0,left,207,0,0,27,27,0.517,0.045,1.433,0.57,0.09,0.059,154,0.39,0.14x0.13x0.12
place_book,s202,3030,3150,Move book from bookshelf to table,,120,4.0,both,87,66,4,22,18,0.192,1.904,2.322,1.08,1.832,1.385,75,0.34,0.32x0.29x0.13
turn_gasstove,s203,1860,1980,Turn on gas stove,,120,4.0,right,0,99,12,-1,,0.0,0.0,0.0,0.0,0.065,0.0,0,1.29,1.17x0.96x0.70
turn_gasstove,s203,3480,3570,Turn off gas stove,,90,3.0,right,0,77,7,-1,,0.0,0.0,0.0,0.0,0.218,0.0,0,0.84,1.17x0.96x0.70
move_kettle,s204,270,450,Move kettle from table to desk,,180,6.0,both,93,155,14,40,26,0.305,2.206,2.941,1.37,2.292,1.954,100,0.21,0.19x0.16x0.14
drink_cup,s204,2400,2610,Drink from cup,,210,7.0,left,210,0,0,20,20,0.832,0.067,1.937,1.01,0.179,0.141,163,0.14,0.14x0.13x0.12
place_book,s204,3030,3120,Move book from bookshelf to table,,90,3.0,right,1,65,25,47,22,0.103,0.981,1.186,0.94,0.091,0.035,33,0.41,0.32x0.29x0.13
drink_cup,s205,2820,3030,Drink from cup,,210,7.0,both,210,96,0,3,3,0.748,0.105,1.806,0.6,0.201,0.166,154,0.21,0.14x0.13x0.12
turn_gasstove,s206,497,600,Turn on gas stove,,103,3.43,left,101,0,2,-1,,0.0,0.0,0.0,0.0,0.169,0.0,0,0.88,1.17x0.96x0.70
turn_gasstove,s206,1920,2040,Turn on gas stove,,120,4.0,left,95,0,6,-1,,0.0,0.0,0.0,0.0,0.307,0.0,0,1.66,1.17x0.96x0.70
turn_gasstove,s206,2490,2610,Turn off gas stove,,120,4.0,both,78,58,9,-1,,0.0,0.0,0.0,0.0,0.346,0.0,0,1.45,1.17x0.96x0.70
move_kettle,s207,1140,1260,Move kettle from desk to table,,120,4.0,right,0,112,5,28,23,0.305,2.046,2.266,1.67,1.215,0.92,64,0.4,0.19x0.16x0.14
drink_cup,s207,1590,1800,Drink from cup,,210,7.0,both,197,139,0,23,23,0.45,0.042,1.158,0.53,0.218,0.073,143,0.29,0.14x0.13x0.12
turn_gasstove,s207,4320,4410,Turn on gas stove,,90,3.0,right,0,85,5,-1,,0.0,0.0,0.0,0.0,0.049,0.0,0,1.22,1.17x0.96x0.70
turn_gasstove,s207,5070,5160,Turn off gas stove,,90,3.0,right,0,71,16,-1,,0.0,0.0,0.0,0.0,0.237,0.0,0,1.1,1.17x0.96x0.70
move_kettle,s108,3660,3840,Move kettle from desk to table,s108_30_kettle_desk2table,180,6.0,right,0,157,17,66,49,0.327,1.325,2.021,1.57,0.799,0.478,63,0.43,0.19x0.16x0.14
move_kettle,s110,200,355,Move kettle from table to desk,s110_0_kettle_table2desk,155,5.17,right,0,124,26,47,21,0.276,1.968,2.175,1.18,1.493,1.174,69,0.57,0.19x0.16x0.14
drink_cup,s110,3010,3210,Drink from cup,s110_16_cup_drink,200,6.67,right,0,164,23,47,24,0.715,0.032,1.801,1.25,0.73,0.183,93,0.27,0.14x0.13x0.12
place_book,s11,2640,2790,Move book from desk to bookshelf,s11_book_desk2bookshelf,150,5.0,both,104,57,16,45,29,0.474,1.685,2.137,1.62,1.579,0.937,88,0.38,0.32x0.29x0.13
place_book,s149,3810,3930,Move book from table to bookshelf,s149_15_book_bookshelf2table,120,4.0,both,112,33,1,17,16,0.363,1.166,1.365,1.07,0.191,0.117,96,0.27,0.32x0.29x0.13
drink_cup,s89,840,1209,Drink from cup,s89_2_drink_cup,369,12.3,left,358,0,3,72,69,0.826,0.029,2.0,0.66,0.208,0.133,236,0.23,0.14x0.13x0.12
