run,dataset,embodiment,stats,episodes,windows,control_hz,norm_l1,raw_mse,trans_err_mm,trans_err_mm_s,dir_cos,mag_ratio,grip_acc,v_p01_p99,v_range,v_speed,v_workspace_chunk,v_gripper,gt_v_p01_p99,gt_v_range,gt_v_speed,gt_v_workspace_chunk,gt_v_gripper,mag_ratio_median,ms_per_window
baseline_goal,bridge_dataset,widowx,fractal20220817_data,165,5592,5.0,2.190846,0.003723,69.639972,348.199859,0.727919,6.094656,0.910699,0.831125,0.013579,0.437476,0.433263,0.0,0.099661,0.0,0.0,0.000378,0.0,4.9575,7.52
baseline_goal,bridge_dataset,widowx,none,165,5592,5.0,28.63692,0.476136,1145.838074,5729.190371,0.724928,83.0823,0.910699,0.996176,0.843223,0.969313,0.983443,0.0,0.099661,0.0,0.0,0.000378,0.0,67.9891,7.52
baseline_goal,bridge_dataset,widowx,self,165,5592,5.0,0.470193,0.000506,9.939132,49.69566,0.73435,0.992235,0.910699,0.026312,0.0,0.0,0.0,0.0,0.099661,0.0,0.0,0.000378,0.0,0.8165,7.52
baseline_goal,fractal20220817_data,google_robot,bridge_dataset,342,14648,3.0,0.534336,0.010263,17.983754,53.951263,0.688893,0.204524,0.886313,0.0,0.0,0.0,0.0,0.0,0.085175,0.0,0.001766,0.000791,0.0,0.1467,7.51
baseline_goal,fractal20220817_data,google_robot,none,342,14648,3.0,4.779227,0.399631,247.486169,742.458506,0.68822,16.684773,0.886313,0.880341,0.128736,0.698202,0.65828,0.0,0.085175,0.0,0.001766,0.000791,0.0,12.0697,7.51
baseline_goal,fractal20220817_data,google_robot,self,342,14648,3.0,0.411563,0.006379,12.499285,37.497854,0.772859,1.101945,0.886313,0.028216,0.0,0.0,0.0,0.0,0.085175,0.0,0.001766,0.000791,0.0,0.837,7.51
baseline_lang,bridge_dataset,widowx,fractal20220817_data,165,5592,5.0,2.124088,0.003656,67.245243,336.226217,0.71962,5.82376,0.911552,0.813504,0.013825,0.422249,0.426762,0.0,0.099661,0.0,0.0,0.000378,0.0,4.864,7.21
baseline_lang,bridge_dataset,widowx,none,165,5592,5.0,27.628173,0.4581,1103.952938,5519.764691,0.722256,78.328534,0.911552,0.998204,0.825982,0.972744,0.98461,0.0,0.099661,0.0,0.0,0.000378,0.0,65.6236,7.21
baseline_lang,bridge_dataset,widowx,self,165,5592,5.0,0.472533,0.000515,10.001951,50.009756,0.731541,0.93425,0.911552,0.026564,0.0,0.0,0.0,0.0,0.099661,0.0,0.0,0.000378,0.0,0.7796,7.21
baseline_lang,fractal20220817_data,google_robot,bridge_dataset,342,14648,3.0,0.574522,0.011864,19.264116,57.792349,0.451079,0.132286,0.845142,0.0,0.0,0.0,0.0,0.0,0.085175,0.0,0.001766,0.000791,0.0,0.0898,7.16
baseline_lang,fractal20220817_data,google_robot,none,342,14648,3.0,3.100954,0.167185,160.073933,480.221798,0.44066,10.909285,0.845142,0.85251,0.0282,0.515918,0.485057,0.0,0.085175,0.0,0.001766,0.000791,0.0,7.4775,7.16
baseline_lang,fractal20220817_data,google_robot,self,342,14648,3.0,0.515058,0.009618,16.290861,48.872582,0.599189,0.682229,0.845142,0.002952,0.0,0.0,0.0,0.0,0.085175,0.0,0.001766,0.000791,0.0,0.4828,7.16
cond_goal_nb,bridge_dataset,widowx,self,165,5592,5.0,0.471343,0.000499,10.047985,50.239925,0.732998,1.031357,0.906028,0.027361,0.0,0.0,0.0,0.0,0.099661,0.0,0.0,0.000378,0.0,0.8449,7.46
cond_goal_nb,fractal20220817_data,google_robot,self,342,14648,3.0,0.402854,0.006139,12.242803,36.72841,0.785984,1.147258,0.883724,0.034978,0.0,0.0,0.0,0.0,0.085175,0.0,0.001766,0.000791,0.0,0.8723,7.46
cond_goal_sub8,bridge_dataset,widowx,self,165,5592,5.0,0.456222,0.000464,9.567858,47.839289,0.75997,1.006298,0.917366,0.029365,0.0,0.0,0.0,0.0,0.099661,0.0,0.0,0.000378,0.0,0.826,7.44
cond_goal_sub8,fractal20220817_data,google_robot,self,342,14648,3.0,0.363907,0.00515,10.978514,32.935542,0.836988,1.094548,0.920183,0.030645,0.0,0.0,0.0,0.0,0.085175,0.0,0.001766,0.000791,0.0,0.8598,7.44
cond_none,bridge_dataset,widowx,self,165,5592,5.0,0.488481,0.000539,10.597316,52.986579,0.698378,0.915397,0.904859,0.02382,0.0,0.0,0.0,0.0,0.099661,0.0,0.0,0.000378,0.0,0.7593,7.33
cond_none,fractal20220817_data,google_robot,self,342,14648,3.0,0.510324,0.009284,16.291769,48.875307,0.592979,0.754473,0.853049,0.005742,0.0,0.0,0.0,0.000139,0.085175,0.0,0.001766,0.000791,0.0,0.5429,7.41
hist_w1,bridge_dataset,widowx,self,165,5592,5.0,0.551103,0.000645,12.560986,62.804932,0.597418,0.866479,0.885674,0.015791,0.0,0.0,0.0,0.0,0.099661,0.0,0.0,0.000378,0.0,0.6433,1.67
hist_w1,fractal20220817_data,google_robot,self,342,14648,3.0,0.442046,0.007143,13.639413,40.918239,0.753602,1.070289,0.873067,0.013594,0.0,0.0,0.0,0.0,0.085175,0.0,0.001766,0.000791,0.0,0.7312,1.66
hist_w2,bridge_dataset,widowx,self,165,5592,5.0,0.489294,0.000533,10.442162,52.210809,0.711442,0.925657,0.904028,0.02472,0.0,0.0,0.0,0.0,0.099661,0.0,0.0,0.000378,0.0,0.7564,2.85
hist_w2,fractal20220817_data,google_robot,self,342,14648,3.0,0.407272,0.006361,12.279809,36.839428,0.786423,1.017944,0.884579,0.02059,0.0,0.0,0.0,0.0,0.085175,0.0,0.001766,0.000791,0.0,0.775,2.85
obs_center_crop,bridge_dataset,widowx,self,165,5592,5.0,0.470193,0.000506,9.939132,49.695661,0.73435,0.992235,0.910699,0.026312,0.0,0.0,0.0,0.0,0.099661,0.0,0.0,0.000378,0.0,0.8165,7.22
obs_center_crop,fractal20220817_data,google_robot,self,342,14648,3.0,0.420156,0.00666,12.720812,38.162435,0.782889,1.134798,0.883274,0.029502,0.0,0.0,0.0,0.0,0.085175,0.0,0.001766,0.000791,0.0,0.8578,7.22
obs_hflip,bridge_dataset,widowx,self,165,5592,5.0,0.715178,0.001103,17.763293,88.816464,0.203024,0.817459,0.84907,0.005288,0.0,0.0,0.000152,0.0,0.099661,0.0,0.0,0.000378,0.0,0.6066,7.22
obs_hflip,fractal20220817_data,google_robot,self,342,14648,3.0,0.601921,0.012819,19.92737,59.782111,0.296979,0.615616,0.737836,0.001113,0.0,0.0,0.0,0.0,0.085175,0.0,0.001766,0.000791,0.0,0.3996,7.21
rate_x2,bridge_dataset,widowx,self,165,2844,2.5,0.94072,0.001955,21.718158,54.295395,0.706925,0.576195,0.901732,0.028719,0.0,0.0,0.0,0.0,0.418368,0.0,0.0,0.003092,0.0,0.4799,7.29
rate_x2,fractal20220817_data,google_robot,self,342,7406,1.5,0.856153,0.028359,26.745046,40.117568,0.819748,0.60701,0.898887,0.03251,0.0,0.0,0.0,0.0,0.359712,0.005828,0.001755,0.001693,0.0,0.4524,7.53
rate_x3,bridge_dataset,widowx,self,165,1922,1.6666666666666667,1.493184,0.004334,36.796626,61.32771,0.546814,0.48809,0.826781,0.025666,0.0,0.0,0.0,0.0,0.607298,0.001072,0.0,0.009597,0.0,0.3459,7.67
rate_x3,fractal20220817_data,google_robot,self,342,4999,1.0,1.359498,0.067684,44.048824,44.048824,0.790714,0.442057,0.867954,0.035593,0.0,0.0,0.0,0.0,0.551049,0.022857,0.001407,0.004119,0.0,0.3151,7.74
